--------------------------------------------------------
--  파일이 생성됨 - 화요일-7월-26-2022   
--------------------------------------------------------

DROP TABLE "ADMIN"."BOARD";
DROP TABLE "ADMIN"."CAMPAIGN";
DROP TABLE "ADMIN"."CATEGORY";
DROP TABLE "ADMIN"."CHAT";
DROP TABLE "ADMIN"."CHAT_MEMBER";
DROP TABLE "ADMIN"."DIRECTION";
DROP TABLE "ADMIN"."MEMBER";
DROP TABLE "ADMIN"."PLACE";
DROP TABLE "ADMIN"."PLACE_INFO";
DROP TABLE "ADMIN"."PLACE_REVIEW";
DROP TABLE "ADMIN"."PLAN";
DROP TABLE "ADMIN"."PLAN_INFO";
DROP TABLE "ADMIN"."PLAN_MEMBER";
DROP TABLE "ADMIN"."REPLY";
DROP TABLE "ADMIN"."SAVED_PLACE";
DROP TABLE "ADMIN"."SAVED_RIDING";
DROP VIEW "ADMIN"."DIRECTIONVIEW";

--------------------------------------------------------
--  DDL for Table BOARD
--------------------------------------------------------

  CREATE TABLE "ADMIN"."BOARD" 
   (	"BOARD_IDX" NUMBER, 
	"BOARD_TITLE" VARCHAR2(100) COLLATE "USING_NLS_COMP", 
	"BOARD_USER_NO" NUMBER, 
	"BOARD_PWD" VARCHAR2(30) COLLATE "USING_NLS_COMP", 
	"BOARD_CONTENT" VARCHAR2(2000) COLLATE "USING_NLS_COMP", 
	"BOARD_WDATE" DATE, 
	"USER_ID" VARCHAR2(30) COLLATE "USING_NLS_COMP", 
	"ORIGINFILENAME" VARCHAR2(100) COLLATE "USING_NLS_COMP", 
	"FILENAME" VARCHAR2(100) COLLATE "USING_NLS_COMP", 
	"FILESIZE" NUMBER, 
	"REFER" NUMBER, 
	"LEV" NUMBER, 
	"SUNBUN" NUMBER, 
	"USER_NICK" VARCHAR2(30) COLLATE "USING_NLS_COMP", 
	"READNUM" NUMBER(30,0)
   )  DEFAULT COLLATION "USING_NLS_COMP"
--------------------------------------------------------
--  DDL for Table CAMPAIGN
--------------------------------------------------------

  CREATE TABLE "ADMIN"."CAMPAIGN" 
   (	"CAMPAIGN_NO" NUMBER, 
	"CAMPAIGN_IMAGE" VARCHAR2(20) COLLATE "USING_NLS_COMP", 
	"CAMPAIGN_URL" VARCHAR2(500) COLLATE "USING_NLS_COMP", 
	"CAMPAIGN_START_DATE" VARCHAR2(15) COLLATE "USING_NLS_COMP", 
	"CAMPAIGN_FINISH_DATE" VARCHAR2(15) COLLATE "USING_NLS_COMP", 
	"CAMPAIGN_WDATE" DATE
   )  DEFAULT COLLATION "USING_NLS_COMP"
--------------------------------------------------------
--  DDL for Table CATEGORY
--------------------------------------------------------

  CREATE TABLE "ADMIN"."CATEGORY" 
   (	"CATEGORY_NO" NUMBER, 
	"CATEGORY_CODE" NUMBER, 
	"CATEGORY_NAME" VARCHAR2(45) COLLATE "USING_NLS_COMP"
   )  DEFAULT COLLATION "USING_NLS_COMP"
--------------------------------------------------------
--  DDL for Table CHAT
--------------------------------------------------------

  CREATE TABLE "ADMIN"."CHAT" 
   (	"CHAT_NO" NUMBER, 
	"PLAN_MEMBER_NO" NUMBER, 
	"CHAT_TITLE" VARCHAR2(45) COLLATE "USING_NLS_COMP", 
	"CHAT_TEXT" VARCHAR2(500) COLLATE "USING_NLS_COMP", 
	"CHAT_WTIME" DATE
   )  DEFAULT COLLATION "USING_NLS_COMP"
--------------------------------------------------------
--  DDL for Table CHAT_MEMBER
--------------------------------------------------------

  CREATE TABLE "ADMIN"."CHAT_MEMBER" 
   (	"CHAT_MEMBER_NO" NUMBER, 
	"ROOM_CODE" VARCHAR2(30) COLLATE "USING_NLS_COMP", 
	"USER_NO" NUMBER, 
	"CHAT_JTIME" DATE, 
	"PLAN_NO" NUMBER
   )  DEFAULT COLLATION "USING_NLS_COMP"
--------------------------------------------------------
--  DDL for Table DIRECTION
--------------------------------------------------------

  CREATE TABLE "ADMIN"."DIRECTION" 
   (	"DIRECTION_NO" NUMBER(*,0), 
	"TITLE" VARCHAR2(100) COLLATE "USING_NLS_COMP", 
	"PLACE_FROM" NUMBER(*,0), 
	"PLACE_TO" NUMBER(*,0), 
	"DISTANCE" NUMBER, 
	"GPXFILE" VARCHAR2(100) COLLATE "USING_NLS_COMP", 
	"D_USER_NO" NUMBER
   )  DEFAULT COLLATION "USING_NLS_COMP"
--------------------------------------------------------
--  DDL for Table MEMBER
--------------------------------------------------------

  CREATE TABLE "ADMIN"."MEMBER" 
   (	"USER_NO" NUMBER, 
	"USER_ID" VARCHAR2(40) COLLATE "USING_NLS_COMP", 
	"PWD" VARCHAR2(20) COLLATE "USING_NLS_COMP", 
	"USER_NAME" VARCHAR2(20) COLLATE "USING_NLS_COMP", 
	"NICKNAME" VARCHAR2(20) COLLATE "USING_NLS_COMP", 
	"STATE" NUMBER, 
	"JOINDATE" DATE, 
	"USER_IMG" VARCHAR2(50) COLLATE "USING_NLS_COMP"
   )  DEFAULT COLLATION "USING_NLS_COMP"
--------------------------------------------------------
--  DDL for Table PLACE
--------------------------------------------------------

  CREATE TABLE "ADMIN"."PLACE" 
   (	"PLACE_NO" NUMBER, 
	"TITLE" VARCHAR2(100) COLLATE "USING_NLS_COMP", 
	"LATITUDE" NUMBER, 
	"LONGITUDE" NUMBER, 
	"ROAD_ADDRESS" VARCHAR2(200) COLLATE "USING_NLS_COMP", 
	"JIBUN_ADDRESS" VARCHAR2(200) COLLATE "USING_NLS_COMP", 
	"P_USER_NO" NUMBER
   )  DEFAULT COLLATION "USING_NLS_COMP"
--------------------------------------------------------
--  DDL for Table PLACE_INFO
--------------------------------------------------------

  CREATE TABLE "ADMIN"."PLACE_INFO" 
   (	"PLACE_NO" NUMBER, 
	"PLACE_NAME" VARCHAR2(30) COLLATE "USING_NLS_COMP", 
	"CATEGORY_CODE" NUMBER, 
	"PLACE_LATITUDE" FLOAT(126), 
	"PLACE_LONGITUDE" FLOAT(126), 
	"PLACE_TEXT" VARCHAR2(1000) COLLATE "USING_NLS_COMP"
   )  DEFAULT COLLATION "USING_NLS_COMP"
--------------------------------------------------------
--  DDL for Table PLACE_REVIEW
--------------------------------------------------------

  CREATE TABLE "ADMIN"."PLACE_REVIEW" 
   (	"REVIEW_NO" NUMBER, 
	"PLACE_NO" NUMBER, 
	"RATE" NUMBER, 
	"REVIEW_TEXT" VARCHAR2(45) COLLATE "USING_NLS_COMP", 
	"USER_NO" NUMBER, 
	"REVIEW_WDATE" DATE
   )  DEFAULT COLLATION "USING_NLS_COMP"
--------------------------------------------------------
--  DDL for Table PLAN
--------------------------------------------------------

  CREATE TABLE "ADMIN"."PLAN" 
   (	"PLAN_NO" NUMBER, 
	"USER_NO" NUMBER, 
	"PLAN_TITLE" VARCHAR2(100) COLLATE "USING_NLS_COMP", 
	"PLAN_ABOUT" VARCHAR2(100) COLLATE "USING_NLS_COMP", 
	"PLACE_NO" NUMBER, 
	"DIRECTION_NO" NUMBER, 
	"PLAN_WDATE" DATE, 
	"PLAN_CODE" VARCHAR2(20) COLLATE "USING_NLS_COMP"
   )  DEFAULT COLLATION "USING_NLS_COMP"
--------------------------------------------------------
--  DDL for Table PLAN_INFO
--------------------------------------------------------

  CREATE TABLE "ADMIN"."PLAN_INFO" 
   (	"PLAN_INFO_NO" NUMBER, 
	"PLAN_CODE" VARCHAR2(30) COLLATE "USING_NLS_COMP", 
	"USER_NO" NUMBER, 
	"PLAN_JOIN" DATE, 
	"PLAN_QUIT" DATE, 
	"SHARE_ORNOT" NUMBER
   )  DEFAULT COLLATION "USING_NLS_COMP"
--------------------------------------------------------
--  DDL for Table PLAN_MEMBER
--------------------------------------------------------

  CREATE TABLE "ADMIN"."PLAN_MEMBER" 
   (	"PLAN_MEMBER_NO" NUMBER, 
	"PLAN_NO" NUMBER, 
	"USER_NO" NUMBER, 
	"PLAN_JOIN_TIME" DATE, 
	"PLAN_QUIT_TIME" DATE
   )  DEFAULT COLLATION "USING_NLS_COMP"
--------------------------------------------------------
--  DDL for Table REPLY
--------------------------------------------------------

  CREATE TABLE "ADMIN"."REPLY" 
   (	"REPLY_IDX" NUMBER(20,0), 
	"REPLY_CONTENT" VARCHAR2(1000) COLLATE "USING_NLS_COMP", 
	"REPLY_WNAME" VARCHAR2(100) COLLATE "USING_NLS_COMP", 
	"WDATE" DATE, 
	"BOARD_IDX_FK" NUMBER(10,0), 
	"REPLY_ID" VARCHAR2(100) COLLATE "USING_NLS_COMP"
   )  DEFAULT COLLATION "USING_NLS_COMP"
--------------------------------------------------------
--  DDL for Table SAVED_PLACE
--------------------------------------------------------

  CREATE TABLE "ADMIN"."SAVED_PLACE" 
   (	"SAVED_PLACE_NO" NUMBER, 
	"USER_NO" NUMBER, 
	"PLAN_NO" NUMBER, 
	"PLACE_NO" NUMBER, 
	"SAVED_DATE" DATE
   )  DEFAULT COLLATION "USING_NLS_COMP"
--------------------------------------------------------
--  DDL for Table SAVED_RIDING
--------------------------------------------------------

  CREATE TABLE "ADMIN"."SAVED_RIDING" 
   (	"SAVED_RIDING_NO" NUMBER, 
	"USER_NO" NUMBER, 
	"RIDING_NAME" VARCHAR2(30) COLLATE "USING_NLS_COMP", 
	"DEPART_LATITUDE" FLOAT(126), 
	"DEPART_LONGTITUTE" FLOAT(126), 
	"ARRIVE_LATITUDE" FLOAT(126), 
	"ARRIVE_LONGTITUDE" FLOAT(126), 
	"RIDING_TIME" NUMBER(10,0), 
	"RIDING_TEXT" VARCHAR2(500) COLLATE "USING_NLS_COMP", 
	"RIDING_WDATE" DATE
   )  DEFAULT COLLATION "USING_NLS_COMP"
--------------------------------------------------------
--  DDL for View DIRECTIONVIEW
--------------------------------------------------------

  CREATE OR REPLACE EDITIONABLE VIEW "ADMIN"."DIRECTIONVIEW" ("DIRECTION_NO", "TITLE", "PLACE_FROM", "FROM_TITLE", "PLACE_TO", "TO_TITLE", "DISTANCE", "GPXFILE") DEFAULT COLLATION "USING_NLS_COMP"  AS 
  select direction_no, d.title, place_from,
   (select p.title from direction d, place p where d.place_from=p.place_no) from_title, place_to,
   (select p.title from direction d, place p where d.place_to=p.place_no) to_title, distance, gpxfile
   from direction d, place p
REM INSERTING into ADMIN.BOARD
SET DEFINE OFF;
Insert into ADMIN.BOARD (BOARD_IDX,BOARD_TITLE,BOARD_USER_NO,BOARD_PWD,BOARD_CONTENT,BOARD_WDATE,USER_ID,ORIGINFILENAME,FILENAME,FILESIZE,REFER,LEV,SUNBUN,USER_NICK,READNUM) values (61,'라이딩 의류 브랜드 추천좀해주세요!!',3,'1234','라이딩 의류 브랜드 추천좀해주세요!!',to_date('20/03/20','RR/MM/DD'),'ymj0730@naver.com',null,null,0,0,0,0,'먼지야',8);
Insert into ADMIN.BOARD (BOARD_IDX,BOARD_TITLE,BOARD_USER_NO,BOARD_PWD,BOARD_CONTENT,BOARD_WDATE,USER_ID,ORIGINFILENAME,FILENAME,FILESIZE,REFER,LEV,SUNBUN,USER_NICK,READNUM) values (55,'실수로 채팅방을 나갔어요...',5,'1234','정말 좋은사람들이었는데 말이죠ㅠㅠ',to_date('20/03/20','RR/MM/DD'),'thsalsghqkqh@gmail.com','ryan6.JPG','33bd156f-2fe4-4669-8ada-0a06c3a29770_ryan6.JPG',11390,0,0,0,'미노미노',36);
Insert into ADMIN.BOARD (BOARD_IDX,BOARD_TITLE,BOARD_USER_NO,BOARD_PWD,BOARD_CONTENT,BOARD_WDATE,USER_ID,ORIGINFILENAME,FILENAME,FILESIZE,REFER,LEV,SUNBUN,USER_NICK,READNUM) values (57,'질문있습니다.',6,'1234','15세미만 아동도 이용 가능한가요 ?',to_date('20/03/20','RR/MM/DD'),'test@gmail.com','ryan3.JPG','a2d1725c-0770-493f-ac1d-883830b0168b_ryan3.JPG',11228,0,0,0,'김범희',26);
Insert into ADMIN.BOARD (BOARD_IDX,BOARD_TITLE,BOARD_USER_NO,BOARD_PWD,BOARD_CONTENT,BOARD_WDATE,USER_ID,ORIGINFILENAME,FILENAME,FILESIZE,REFER,LEV,SUNBUN,USER_NICK,READNUM) values (58,'질문드릴께요!!!!! 답변부탁드려요!!',7,'1234','안녕하세요~',to_date('20/03/20','RR/MM/DD'),'test1@gmail.com','love.jpg','fcf80e7b-8e7e-4ca1-b2f0-6aa734fd1c29_love.jpg',12709,0,0,0,'황정원',41);
Insert into ADMIN.BOARD (BOARD_IDX,BOARD_TITLE,BOARD_USER_NO,BOARD_PWD,BOARD_CONTENT,BOARD_WDATE,USER_ID,ORIGINFILENAME,FILENAME,FILESIZE,REFER,LEV,SUNBUN,USER_NICK,READNUM) values (59,'아이디를 까먹었어요...ㅠㅠ',1,'1234','궁금해욥',to_date('20/03/20','RR/MM/DD'),'yms318@naver.com',null,null,0,0,0,0,'쇼니룽',9);
Insert into ADMIN.BOARD (BOARD_IDX,BOARD_TITLE,BOARD_USER_NO,BOARD_PWD,BOARD_CONTENT,BOARD_WDATE,USER_ID,ORIGINFILENAME,FILENAME,FILESIZE,REFER,LEV,SUNBUN,USER_NICK,READNUM) values (60,'혹시 자전거 구매사이트 추천가능한가요 ?',2,'1234','혹시 자전거 구매사이트 추천가능한가요 ?',to_date('20/03/20','RR/MM/DD'),'umsunny03@gmail.com',null,null,0,0,0,0,'달려라두강',5);
Insert into ADMIN.BOARD (BOARD_IDX,BOARD_TITLE,BOARD_USER_NO,BOARD_PWD,BOARD_CONTENT,BOARD_WDATE,USER_ID,ORIGINFILENAME,FILENAME,FILESIZE,REFER,LEV,SUNBUN,USER_NICK,READNUM) values (62,'비오는날 라이딩 위험한가요 ?',4,'1234','비오는날 라이딩 위험한가요 ?',to_date('20/03/20','RR/MM/DD'),'mbc369@hanmail.net',null,null,0,0,0,0,'새신랑',8);
Insert into ADMIN.BOARD (BOARD_IDX,BOARD_TITLE,BOARD_USER_NO,BOARD_PWD,BOARD_CONTENT,BOARD_WDATE,USER_ID,ORIGINFILENAME,FILENAME,FILESIZE,REFER,LEV,SUNBUN,USER_NICK,READNUM) values (63,'제가 잘 몰라서그러는데요',4,'1234','제가 잘 몰라서그러는데요',to_date('20/03/20','RR/MM/DD'),'mbc369@hanmail.net',null,null,0,0,0,0,'새신랑',2);
Insert into ADMIN.BOARD (BOARD_IDX,BOARD_TITLE,BOARD_USER_NO,BOARD_PWD,BOARD_CONTENT,BOARD_WDATE,USER_ID,ORIGINFILENAME,FILENAME,FILESIZE,REFER,LEV,SUNBUN,USER_NICK,READNUM) values (64,'너무 궁금해요..',4,'1234','제가 잘 몰라서그러는데요',to_date('20/03/20','RR/MM/DD'),'mbc369@hanmail.net',null,null,0,0,0,0,'새신랑',5);
Insert into ADMIN.BOARD (BOARD_IDX,BOARD_TITLE,BOARD_USER_NO,BOARD_PWD,BOARD_CONTENT,BOARD_WDATE,USER_ID,ORIGINFILENAME,FILENAME,FILESIZE,REFER,LEV,SUNBUN,USER_NICK,READNUM) values (68,'오류 있는거 같아요',5,'1234','해결해주세요',to_date('20/03/20','RR/MM/DD'),'thsalsghqkqh@gmail.com',null,null,0,0,0,0,'미노미노',3);
Insert into ADMIN.BOARD (BOARD_IDX,BOARD_TITLE,BOARD_USER_NO,BOARD_PWD,BOARD_CONTENT,BOARD_WDATE,USER_ID,ORIGINFILENAME,FILENAME,FILESIZE,REFER,LEV,SUNBUN,USER_NICK,READNUM) values (66,'질문합니다 ♥',5,'1234','1234',to_date('20/03/20','RR/MM/DD'),'thsalsghqkqh@gmail.com',null,null,0,0,0,0,'미노미노',14);
Insert into ADMIN.BOARD (BOARD_IDX,BOARD_TITLE,BOARD_USER_NO,BOARD_PWD,BOARD_CONTENT,BOARD_WDATE,USER_ID,ORIGINFILENAME,FILENAME,FILESIZE,REFER,LEV,SUNBUN,USER_NICK,READNUM) values (67,'질문합니다★',5,'1234','질문합니다★',to_date('20/03/20','RR/MM/DD'),'thsalsghqkqh@gmail.com',null,null,0,0,0,0,'미노미노',17);
Insert into ADMIN.BOARD (BOARD_IDX,BOARD_TITLE,BOARD_USER_NO,BOARD_PWD,BOARD_CONTENT,BOARD_WDATE,USER_ID,ORIGINFILENAME,FILENAME,FILESIZE,REFER,LEV,SUNBUN,USER_NICK,READNUM) values (72,'test',5,'1234','test',to_date('20/03/23','RR/MM/DD'),'thsalsghqkqh@gmail.com',null,null,0,0,0,0,'미노미노',0);
Insert into ADMIN.BOARD (BOARD_IDX,BOARD_TITLE,BOARD_USER_NO,BOARD_PWD,BOARD_CONTENT,BOARD_WDATE,USER_ID,ORIGINFILENAME,FILENAME,FILESIZE,REFER,LEV,SUNBUN,USER_NICK,READNUM) values (70,'test',5,'1234','test',to_date('20/03/23','RR/MM/DD'),'thsalsghqkqh@gmail.com',null,null,0,0,0,0,'미노미노',0);
Insert into ADMIN.BOARD (BOARD_IDX,BOARD_TITLE,BOARD_USER_NO,BOARD_PWD,BOARD_CONTENT,BOARD_WDATE,USER_ID,ORIGINFILENAME,FILENAME,FILESIZE,REFER,LEV,SUNBUN,USER_NICK,READNUM) values (71,'test',5,'1234','test',to_date('20/03/23','RR/MM/DD'),'thsalsghqkqh@gmail.com',null,null,0,0,0,0,'미노미노',0);
Insert into ADMIN.BOARD (BOARD_IDX,BOARD_TITLE,BOARD_USER_NO,BOARD_PWD,BOARD_CONTENT,BOARD_WDATE,USER_ID,ORIGINFILENAME,FILENAME,FILESIZE,REFER,LEV,SUNBUN,USER_NICK,READNUM) values (73,'test',5,'1234','test',to_date('20/03/23','RR/MM/DD'),'thsalsghqkqh@gmail.com',null,null,0,0,0,0,'미노미노',0);
Insert into ADMIN.BOARD (BOARD_IDX,BOARD_TITLE,BOARD_USER_NO,BOARD_PWD,BOARD_CONTENT,BOARD_WDATE,USER_ID,ORIGINFILENAME,FILENAME,FILESIZE,REFER,LEV,SUNBUN,USER_NICK,READNUM) values (74,'test',5,'1234','test',to_date('20/03/23','RR/MM/DD'),'thsalsghqkqh@gmail.com',null,null,0,0,0,0,'미노미노',0);
Insert into ADMIN.BOARD (BOARD_IDX,BOARD_TITLE,BOARD_USER_NO,BOARD_PWD,BOARD_CONTENT,BOARD_WDATE,USER_ID,ORIGINFILENAME,FILENAME,FILESIZE,REFER,LEV,SUNBUN,USER_NICK,READNUM) values (75,'test',5,'1234','test',to_date('20/03/23','RR/MM/DD'),'thsalsghqkqh@gmail.com',null,null,0,0,0,0,'미노미노',0);
Insert into ADMIN.BOARD (BOARD_IDX,BOARD_TITLE,BOARD_USER_NO,BOARD_PWD,BOARD_CONTENT,BOARD_WDATE,USER_ID,ORIGINFILENAME,FILENAME,FILESIZE,REFER,LEV,SUNBUN,USER_NICK,READNUM) values (76,'test',5,'1234','test',to_date('20/03/23','RR/MM/DD'),'thsalsghqkqh@gmail.com',null,null,0,0,0,0,'미노미노',0);
Insert into ADMIN.BOARD (BOARD_IDX,BOARD_TITLE,BOARD_USER_NO,BOARD_PWD,BOARD_CONTENT,BOARD_WDATE,USER_ID,ORIGINFILENAME,FILENAME,FILESIZE,REFER,LEV,SUNBUN,USER_NICK,READNUM) values (77,'test',5,'1234','test',to_date('20/03/23','RR/MM/DD'),'thsalsghqkqh@gmail.com',null,null,0,0,0,0,'미노미노',0);
Insert into ADMIN.BOARD (BOARD_IDX,BOARD_TITLE,BOARD_USER_NO,BOARD_PWD,BOARD_CONTENT,BOARD_WDATE,USER_ID,ORIGINFILENAME,FILENAME,FILESIZE,REFER,LEV,SUNBUN,USER_NICK,READNUM) values (78,'test',5,'1234','test',to_date('20/03/23','RR/MM/DD'),'thsalsghqkqh@gmail.com',null,null,0,0,0,0,'미노미노',0);
Insert into ADMIN.BOARD (BOARD_IDX,BOARD_TITLE,BOARD_USER_NO,BOARD_PWD,BOARD_CONTENT,BOARD_WDATE,USER_ID,ORIGINFILENAME,FILENAME,FILESIZE,REFER,LEV,SUNBUN,USER_NICK,READNUM) values (79,'test',5,'1234','test',to_date('20/03/23','RR/MM/DD'),'thsalsghqkqh@gmail.com',null,null,0,0,0,0,'미노미노',0);
Insert into ADMIN.BOARD (BOARD_IDX,BOARD_TITLE,BOARD_USER_NO,BOARD_PWD,BOARD_CONTENT,BOARD_WDATE,USER_ID,ORIGINFILENAME,FILENAME,FILESIZE,REFER,LEV,SUNBUN,USER_NICK,READNUM) values (80,'test',5,'1234','test',to_date('20/03/23','RR/MM/DD'),'thsalsghqkqh@gmail.com',null,null,0,0,0,0,'미노미노',0);
Insert into ADMIN.BOARD (BOARD_IDX,BOARD_TITLE,BOARD_USER_NO,BOARD_PWD,BOARD_CONTENT,BOARD_WDATE,USER_ID,ORIGINFILENAME,FILENAME,FILESIZE,REFER,LEV,SUNBUN,USER_NICK,READNUM) values (81,'test',5,'1234','test',to_date('20/03/23','RR/MM/DD'),'thsalsghqkqh@gmail.com',null,null,0,0,0,0,'미노미노',0);
Insert into ADMIN.BOARD (BOARD_IDX,BOARD_TITLE,BOARD_USER_NO,BOARD_PWD,BOARD_CONTENT,BOARD_WDATE,USER_ID,ORIGINFILENAME,FILENAME,FILESIZE,REFER,LEV,SUNBUN,USER_NICK,READNUM) values (82,'test',5,'1234','test',to_date('20/03/23','RR/MM/DD'),'thsalsghqkqh@gmail.com',null,null,0,0,0,0,'미노미노',0);
Insert into ADMIN.BOARD (BOARD_IDX,BOARD_TITLE,BOARD_USER_NO,BOARD_PWD,BOARD_CONTENT,BOARD_WDATE,USER_ID,ORIGINFILENAME,FILENAME,FILESIZE,REFER,LEV,SUNBUN,USER_NICK,READNUM) values (83,'test',5,'1234','test',to_date('20/03/23','RR/MM/DD'),'thsalsghqkqh@gmail.com',null,null,0,0,0,0,'미노미노',0);
Insert into ADMIN.BOARD (BOARD_IDX,BOARD_TITLE,BOARD_USER_NO,BOARD_PWD,BOARD_CONTENT,BOARD_WDATE,USER_ID,ORIGINFILENAME,FILENAME,FILESIZE,REFER,LEV,SUNBUN,USER_NICK,READNUM) values (84,'test',5,'1234','test',to_date('20/03/23','RR/MM/DD'),'thsalsghqkqh@gmail.com',null,null,0,0,0,0,'미노미노',0);
Insert into ADMIN.BOARD (BOARD_IDX,BOARD_TITLE,BOARD_USER_NO,BOARD_PWD,BOARD_CONTENT,BOARD_WDATE,USER_ID,ORIGINFILENAME,FILENAME,FILESIZE,REFER,LEV,SUNBUN,USER_NICK,READNUM) values (85,'test',5,'1234','test',to_date('20/03/23','RR/MM/DD'),'thsalsghqkqh@gmail.com',null,null,0,0,0,0,'미노미노',0);
Insert into ADMIN.BOARD (BOARD_IDX,BOARD_TITLE,BOARD_USER_NO,BOARD_PWD,BOARD_CONTENT,BOARD_WDATE,USER_ID,ORIGINFILENAME,FILENAME,FILESIZE,REFER,LEV,SUNBUN,USER_NICK,READNUM) values (86,'test',5,'1234','test',to_date('20/03/23','RR/MM/DD'),'thsalsghqkqh@gmail.com',null,null,0,0,0,0,'미노미노',0);
Insert into ADMIN.BOARD (BOARD_IDX,BOARD_TITLE,BOARD_USER_NO,BOARD_PWD,BOARD_CONTENT,BOARD_WDATE,USER_ID,ORIGINFILENAME,FILENAME,FILESIZE,REFER,LEV,SUNBUN,USER_NICK,READNUM) values (87,'test',5,'1234','test',to_date('20/03/23','RR/MM/DD'),'thsalsghqkqh@gmail.com',null,null,0,0,0,0,'미노미노',0);
Insert into ADMIN.BOARD (BOARD_IDX,BOARD_TITLE,BOARD_USER_NO,BOARD_PWD,BOARD_CONTENT,BOARD_WDATE,USER_ID,ORIGINFILENAME,FILENAME,FILESIZE,REFER,LEV,SUNBUN,USER_NICK,READNUM) values (88,'test',5,'1234','test',to_date('20/03/23','RR/MM/DD'),'thsalsghqkqh@gmail.com',null,null,0,0,0,0,'미노미노',0);
Insert into ADMIN.BOARD (BOARD_IDX,BOARD_TITLE,BOARD_USER_NO,BOARD_PWD,BOARD_CONTENT,BOARD_WDATE,USER_ID,ORIGINFILENAME,FILENAME,FILESIZE,REFER,LEV,SUNBUN,USER_NICK,READNUM) values (89,'test',5,'1234','test',to_date('20/03/23','RR/MM/DD'),'thsalsghqkqh@gmail.com',null,null,0,0,0,0,'미노미노',0);
Insert into ADMIN.BOARD (BOARD_IDX,BOARD_TITLE,BOARD_USER_NO,BOARD_PWD,BOARD_CONTENT,BOARD_WDATE,USER_ID,ORIGINFILENAME,FILENAME,FILESIZE,REFER,LEV,SUNBUN,USER_NICK,READNUM) values (90,'test',5,'1234','test',to_date('20/03/23','RR/MM/DD'),'thsalsghqkqh@gmail.com',null,null,0,0,0,0,'미노미노',0);
Insert into ADMIN.BOARD (BOARD_IDX,BOARD_TITLE,BOARD_USER_NO,BOARD_PWD,BOARD_CONTENT,BOARD_WDATE,USER_ID,ORIGINFILENAME,FILENAME,FILESIZE,REFER,LEV,SUNBUN,USER_NICK,READNUM) values (91,'test',5,'1234','test',to_date('20/03/23','RR/MM/DD'),'thsalsghqkqh@gmail.com',null,null,0,0,0,0,'미노미노',0);
Insert into ADMIN.BOARD (BOARD_IDX,BOARD_TITLE,BOARD_USER_NO,BOARD_PWD,BOARD_CONTENT,BOARD_WDATE,USER_ID,ORIGINFILENAME,FILENAME,FILESIZE,REFER,LEV,SUNBUN,USER_NICK,READNUM) values (92,'test',5,'1234','test',to_date('20/03/23','RR/MM/DD'),'thsalsghqkqh@gmail.com',null,null,0,0,0,0,'미노미노',0);
Insert into ADMIN.BOARD (BOARD_IDX,BOARD_TITLE,BOARD_USER_NO,BOARD_PWD,BOARD_CONTENT,BOARD_WDATE,USER_ID,ORIGINFILENAME,FILENAME,FILESIZE,REFER,LEV,SUNBUN,USER_NICK,READNUM) values (93,'혹시 자전거 구매사이트 추천가능한가요 ?',5,'1234','혹시 자전거 구매사이트 추천가능한가요 ?',to_date('20/03/23','RR/MM/DD'),'thsalsghqkqh@gmail.com',null,null,0,0,0,0,'미노미노',1);
Insert into ADMIN.BOARD (BOARD_IDX,BOARD_TITLE,BOARD_USER_NO,BOARD_PWD,BOARD_CONTENT,BOARD_WDATE,USER_ID,ORIGINFILENAME,FILENAME,FILESIZE,REFER,LEV,SUNBUN,USER_NICK,READNUM) values (94,'라이딩 의류 브랜드 추천좀해주세요!!',5,'1234','라이딩 의류 브랜드 추천좀해주세요!!',to_date('20/03/23','RR/MM/DD'),'thsalsghqkqh@gmail.com',null,null,0,0,0,0,'미노미노',0);
Insert into ADMIN.BOARD (BOARD_IDX,BOARD_TITLE,BOARD_USER_NO,BOARD_PWD,BOARD_CONTENT,BOARD_WDATE,USER_ID,ORIGINFILENAME,FILENAME,FILESIZE,REFER,LEV,SUNBUN,USER_NICK,READNUM) values (95,'실수로 채팅방을 나갔어요...',5,'1234','실수로 채팅방을 나갔어요...',to_date('20/03/23','RR/MM/DD'),'thsalsghqkqh@gmail.com',null,null,0,0,0,0,'미노미노',16);
Insert into ADMIN.BOARD (BOARD_IDX,BOARD_TITLE,BOARD_USER_NO,BOARD_PWD,BOARD_CONTENT,BOARD_WDATE,USER_ID,ORIGINFILENAME,FILENAME,FILESIZE,REFER,LEV,SUNBUN,USER_NICK,READNUM) values (96,'질문있어요',5,'1234','질문있어요',to_date('20/03/23','RR/MM/DD'),'thsalsghqkqh@gmail.com',null,null,0,0,0,0,'미노미노',0);
Insert into ADMIN.BOARD (BOARD_IDX,BOARD_TITLE,BOARD_USER_NO,BOARD_PWD,BOARD_CONTENT,BOARD_WDATE,USER_ID,ORIGINFILENAME,FILENAME,FILESIZE,REFER,LEV,SUNBUN,USER_NICK,READNUM) values (97,'질문드릴게요!!!!! 답변부탁드려요!!',5,'1234','질문드릴게요!!!!! 답변부탁드려요!!',to_date('20/03/23','RR/MM/DD'),'thsalsghqkqh@gmail.com',null,null,0,0,0,0,'미노미노',1);
Insert into ADMIN.BOARD (BOARD_IDX,BOARD_TITLE,BOARD_USER_NO,BOARD_PWD,BOARD_CONTENT,BOARD_WDATE,USER_ID,ORIGINFILENAME,FILENAME,FILESIZE,REFER,LEV,SUNBUN,USER_NICK,READNUM) values (98,'오류 있는거 같아요',5,'1234','오류 있는거 같아요',to_date('20/03/23','RR/MM/DD'),'thsalsghqkqh@gmail.com',null,null,0,0,0,0,'미노미노',2);
Insert into ADMIN.BOARD (BOARD_IDX,BOARD_TITLE,BOARD_USER_NO,BOARD_PWD,BOARD_CONTENT,BOARD_WDATE,USER_ID,ORIGINFILENAME,FILENAME,FILESIZE,REFER,LEV,SUNBUN,USER_NICK,READNUM) values (99,'제가 잘 몰라서그러는데요',5,'1234','제가 잘 몰라서그러는데요',to_date('20/03/23','RR/MM/DD'),'thsalsghqkqh@gmail.com',null,null,0,0,0,0,'미노미노',10);
Insert into ADMIN.BOARD (BOARD_IDX,BOARD_TITLE,BOARD_USER_NO,BOARD_PWD,BOARD_CONTENT,BOARD_WDATE,USER_ID,ORIGINFILENAME,FILENAME,FILESIZE,REFER,LEV,SUNBUN,USER_NICK,READNUM) values (100,'비오는날 라이딩 위험한가요 ?',5,'1234','비오는날 라이딩 위험한가요 ?',to_date('20/03/23','RR/MM/DD'),'thsalsghqkqh@gmail.com',null,null,0,0,0,0,'미노미노',0);
Insert into ADMIN.BOARD (BOARD_IDX,BOARD_TITLE,BOARD_USER_NO,BOARD_PWD,BOARD_CONTENT,BOARD_WDATE,USER_ID,ORIGINFILENAME,FILENAME,FILESIZE,REFER,LEV,SUNBUN,USER_NICK,READNUM) values (101,'질문합니다 ♥',5,'1234','질문합니다 ♥',to_date('20/03/23','RR/MM/DD'),'thsalsghqkqh@gmail.com',null,null,0,0,0,0,'미노미노',1);
Insert into ADMIN.BOARD (BOARD_IDX,BOARD_TITLE,BOARD_USER_NO,BOARD_PWD,BOARD_CONTENT,BOARD_WDATE,USER_ID,ORIGINFILENAME,FILENAME,FILESIZE,REFER,LEV,SUNBUN,USER_NICK,READNUM) values (102,'너무 궁금해요..',5,'1234','너무 궁금해요..',to_date('20/03/23','RR/MM/DD'),'thsalsghqkqh@gmail.com',null,null,0,0,0,0,'미노미노',23);
Insert into ADMIN.BOARD (BOARD_IDX,BOARD_TITLE,BOARD_USER_NO,BOARD_PWD,BOARD_CONTENT,BOARD_WDATE,USER_ID,ORIGINFILENAME,FILENAME,FILESIZE,REFER,LEV,SUNBUN,USER_NICK,READNUM) values (103,'달려라 한강 발표한닷~~~~~~!',2,'1234','쿄쿄쿄쿄쿄쿄 
이미지야 나와랏~~~~~~',to_date('20/03/26','RR/MM/DD'),'umsunny03@gmail.com','Tulips.jpg','ff69b79f-b07b-4763-bff6-a4faaca3050b_Tulips.jpg',620888,0,0,0,'달려라세강',7);
REM INSERTING into ADMIN.CAMPAIGN
SET DEFINE OFF;
Insert into ADMIN.CAMPAIGN (CAMPAIGN_NO,CAMPAIGN_IMAGE,CAMPAIGN_URL,CAMPAIGN_START_DATE,CAMPAIGN_FINISH_DATE,CAMPAIGN_WDATE) values (1,'a.jpg','www.naver.com','2020-01-01','2020-02-02',to_date('20/03/10','RR/MM/DD'));
Insert into ADMIN.CAMPAIGN (CAMPAIGN_NO,CAMPAIGN_IMAGE,CAMPAIGN_URL,CAMPAIGN_START_DATE,CAMPAIGN_FINISH_DATE,CAMPAIGN_WDATE) values (2,'b.jpg','www.naver.com','2020-01-01','2020-02-02',to_date('20/03/10','RR/MM/DD'));
Insert into ADMIN.CAMPAIGN (CAMPAIGN_NO,CAMPAIGN_IMAGE,CAMPAIGN_URL,CAMPAIGN_START_DATE,CAMPAIGN_FINISH_DATE,CAMPAIGN_WDATE) values (3,'c.jpg','www.naver.com','2020-01-01','2020-02-02',to_date('20/03/10','RR/MM/DD'));
Insert into ADMIN.CAMPAIGN (CAMPAIGN_NO,CAMPAIGN_IMAGE,CAMPAIGN_URL,CAMPAIGN_START_DATE,CAMPAIGN_FINISH_DATE,CAMPAIGN_WDATE) values (4,'d.jpg','www.naver.com','2020-01-01','2020-02-02',to_date('20/03/10','RR/MM/DD'));
Insert into ADMIN.CAMPAIGN (CAMPAIGN_NO,CAMPAIGN_IMAGE,CAMPAIGN_URL,CAMPAIGN_START_DATE,CAMPAIGN_FINISH_DATE,CAMPAIGN_WDATE) values (5,'e.jpg','www.naver.com','2020-01-01','2020-02-02',to_date('20/03/10','RR/MM/DD'));
Insert into ADMIN.CAMPAIGN (CAMPAIGN_NO,CAMPAIGN_IMAGE,CAMPAIGN_URL,CAMPAIGN_START_DATE,CAMPAIGN_FINISH_DATE,CAMPAIGN_WDATE) values (6,'f.jpg','www.naver.com','2020-01-01','2020-02-02',to_date('20/03/10','RR/MM/DD'));
Insert into ADMIN.CAMPAIGN (CAMPAIGN_NO,CAMPAIGN_IMAGE,CAMPAIGN_URL,CAMPAIGN_START_DATE,CAMPAIGN_FINISH_DATE,CAMPAIGN_WDATE) values (7,'g.jpg','www.naver.com','2020-01-01','2020-02-02',to_date('20/03/10','RR/MM/DD'));
Insert into ADMIN.CAMPAIGN (CAMPAIGN_NO,CAMPAIGN_IMAGE,CAMPAIGN_URL,CAMPAIGN_START_DATE,CAMPAIGN_FINISH_DATE,CAMPAIGN_WDATE) values (8,'h.jpg','www.naver.com','2020-01-01','2020-02-02',to_date('20/03/10','RR/MM/DD'));
Insert into ADMIN.CAMPAIGN (CAMPAIGN_NO,CAMPAIGN_IMAGE,CAMPAIGN_URL,CAMPAIGN_START_DATE,CAMPAIGN_FINISH_DATE,CAMPAIGN_WDATE) values (9,'i.jpg','www.naver.com','2020-01-01','2020-02-02',to_date('20/03/10','RR/MM/DD'));
Insert into ADMIN.CAMPAIGN (CAMPAIGN_NO,CAMPAIGN_IMAGE,CAMPAIGN_URL,CAMPAIGN_START_DATE,CAMPAIGN_FINISH_DATE,CAMPAIGN_WDATE) values (10,'j.jpg','www.naver.com','2020-01-01','2020-02-02',to_date('20/03/10','RR/MM/DD'));
Insert into ADMIN.CAMPAIGN (CAMPAIGN_NO,CAMPAIGN_IMAGE,CAMPAIGN_URL,CAMPAIGN_START_DATE,CAMPAIGN_FINISH_DATE,CAMPAIGN_WDATE) values (11,'k.jpg','www.naver.com','2020-01-01','2020-02-02',to_date('20/03/10','RR/MM/DD'));
Insert into ADMIN.CAMPAIGN (CAMPAIGN_NO,CAMPAIGN_IMAGE,CAMPAIGN_URL,CAMPAIGN_START_DATE,CAMPAIGN_FINISH_DATE,CAMPAIGN_WDATE) values (12,'l.jpg','www.naver.com','2020-01-01','2020-02-02',to_date('20/03/10','RR/MM/DD'));
Insert into ADMIN.CAMPAIGN (CAMPAIGN_NO,CAMPAIGN_IMAGE,CAMPAIGN_URL,CAMPAIGN_START_DATE,CAMPAIGN_FINISH_DATE,CAMPAIGN_WDATE) values (13,'m.jpg','www.naver.com','2020-01-01','2020-02-02',to_date('20/03/10','RR/MM/DD'));
Insert into ADMIN.CAMPAIGN (CAMPAIGN_NO,CAMPAIGN_IMAGE,CAMPAIGN_URL,CAMPAIGN_START_DATE,CAMPAIGN_FINISH_DATE,CAMPAIGN_WDATE) values (14,'n.jpg','www.naver.com','2020-01-01','2020-02-02',to_date('20/03/10','RR/MM/DD'));
Insert into ADMIN.CAMPAIGN (CAMPAIGN_NO,CAMPAIGN_IMAGE,CAMPAIGN_URL,CAMPAIGN_START_DATE,CAMPAIGN_FINISH_DATE,CAMPAIGN_WDATE) values (15,'o.jpg','www.naver.com','2020-01-01','2020-02-02',to_date('20/03/10','RR/MM/DD'));
Insert into ADMIN.CAMPAIGN (CAMPAIGN_NO,CAMPAIGN_IMAGE,CAMPAIGN_URL,CAMPAIGN_START_DATE,CAMPAIGN_FINISH_DATE,CAMPAIGN_WDATE) values (16,'p.jpg','www.naver.com','2020-02-02','2020-02-02',to_date('20/03/17','RR/MM/DD'));
Insert into ADMIN.CAMPAIGN (CAMPAIGN_NO,CAMPAIGN_IMAGE,CAMPAIGN_URL,CAMPAIGN_START_DATE,CAMPAIGN_FINISH_DATE,CAMPAIGN_WDATE) values (17,'q.jpg','www.naver.com','2020-02-02','2020-02-02',to_date('20/03/17','RR/MM/DD'));
Insert into ADMIN.CAMPAIGN (CAMPAIGN_NO,CAMPAIGN_IMAGE,CAMPAIGN_URL,CAMPAIGN_START_DATE,CAMPAIGN_FINISH_DATE,CAMPAIGN_WDATE) values (18,'r.jpg','www.naver.com','2020-02-02','2020-02-02',to_date('20/03/17','RR/MM/DD'));
Insert into ADMIN.CAMPAIGN (CAMPAIGN_NO,CAMPAIGN_IMAGE,CAMPAIGN_URL,CAMPAIGN_START_DATE,CAMPAIGN_FINISH_DATE,CAMPAIGN_WDATE) values (19,'s.jpg','www.naver.com','2020-02-02','2020-02-02',to_date('20/03/17','RR/MM/DD'));
Insert into ADMIN.CAMPAIGN (CAMPAIGN_NO,CAMPAIGN_IMAGE,CAMPAIGN_URL,CAMPAIGN_START_DATE,CAMPAIGN_FINISH_DATE,CAMPAIGN_WDATE) values (20,'t.jpg','www.naver.com','2020-02-02','2020-02-02',to_date('20/03/17','RR/MM/DD'));
Insert into ADMIN.CAMPAIGN (CAMPAIGN_NO,CAMPAIGN_IMAGE,CAMPAIGN_URL,CAMPAIGN_START_DATE,CAMPAIGN_FINISH_DATE,CAMPAIGN_WDATE) values (21,'u.jpg','www.naver.com','2020-02-02','2020-02-02',to_date('20/03/17','RR/MM/DD'));
Insert into ADMIN.CAMPAIGN (CAMPAIGN_NO,CAMPAIGN_IMAGE,CAMPAIGN_URL,CAMPAIGN_START_DATE,CAMPAIGN_FINISH_DATE,CAMPAIGN_WDATE) values (22,'v.jpg','www.naver.com','2020-02-02','2020-02-02',to_date('20/03/17','RR/MM/DD'));
Insert into ADMIN.CAMPAIGN (CAMPAIGN_NO,CAMPAIGN_IMAGE,CAMPAIGN_URL,CAMPAIGN_START_DATE,CAMPAIGN_FINISH_DATE,CAMPAIGN_WDATE) values (23,'w.jpg','www.naver.com','2020-02-02','2020-02-02',to_date('20/03/17','RR/MM/DD'));
Insert into ADMIN.CAMPAIGN (CAMPAIGN_NO,CAMPAIGN_IMAGE,CAMPAIGN_URL,CAMPAIGN_START_DATE,CAMPAIGN_FINISH_DATE,CAMPAIGN_WDATE) values (24,'x.jpg','www.naver.com','2020-02-02','2020-02-02',to_date('20/03/17','RR/MM/DD'));
Insert into ADMIN.CAMPAIGN (CAMPAIGN_NO,CAMPAIGN_IMAGE,CAMPAIGN_URL,CAMPAIGN_START_DATE,CAMPAIGN_FINISH_DATE,CAMPAIGN_WDATE) values (25,'y.jpg','www.naver.com','2020-02-02','2020-02-02',to_date('20/03/17','RR/MM/DD'));
Insert into ADMIN.CAMPAIGN (CAMPAIGN_NO,CAMPAIGN_IMAGE,CAMPAIGN_URL,CAMPAIGN_START_DATE,CAMPAIGN_FINISH_DATE,CAMPAIGN_WDATE) values (26,'z.jpg','www.naver.com','2020-02-02','2020-02-02',to_date('20/03/17','RR/MM/DD'));
Insert into ADMIN.CAMPAIGN (CAMPAIGN_NO,CAMPAIGN_IMAGE,CAMPAIGN_URL,CAMPAIGN_START_DATE,CAMPAIGN_FINISH_DATE,CAMPAIGN_WDATE) values (27,'a1.jpg','www.naver.com','2020-02-02','2020-02-02',to_date('20/03/17','RR/MM/DD'));
Insert into ADMIN.CAMPAIGN (CAMPAIGN_NO,CAMPAIGN_IMAGE,CAMPAIGN_URL,CAMPAIGN_START_DATE,CAMPAIGN_FINISH_DATE,CAMPAIGN_WDATE) values (28,'b1.jpg','www.naver.com','2020-02-02','2020-02-02',to_date('20/03/17','RR/MM/DD'));
Insert into ADMIN.CAMPAIGN (CAMPAIGN_NO,CAMPAIGN_IMAGE,CAMPAIGN_URL,CAMPAIGN_START_DATE,CAMPAIGN_FINISH_DATE,CAMPAIGN_WDATE) values (29,'c1.jpg','www.naver.com','2020-02-02','2020-02-02',to_date('20/03/17','RR/MM/DD'));
Insert into ADMIN.CAMPAIGN (CAMPAIGN_NO,CAMPAIGN_IMAGE,CAMPAIGN_URL,CAMPAIGN_START_DATE,CAMPAIGN_FINISH_DATE,CAMPAIGN_WDATE) values (30,'d1.jpg','www.naver.com','2020-02-02','2020-02-02',to_date('20/03/17','RR/MM/DD'));
REM INSERTING into ADMIN.CATEGORY
SET DEFINE OFF;
REM INSERTING into ADMIN.CHAT
SET DEFINE OFF;
REM INSERTING into ADMIN.CHAT_MEMBER
SET DEFINE OFF;
Insert into ADMIN.CHAT_MEMBER (CHAT_MEMBER_NO,ROOM_CODE,USER_NO,CHAT_JTIME,PLAN_NO) values (3,'PKNU6607',3,to_date('20/04/04','RR/MM/DD'),null);
Insert into ADMIN.CHAT_MEMBER (CHAT_MEMBER_NO,ROOM_CODE,USER_NO,CHAT_JTIME,PLAN_NO) values (6,'KNVI7139',2,to_date('20/04/04','RR/MM/DD'),null);
Insert into ADMIN.CHAT_MEMBER (CHAT_MEMBER_NO,ROOM_CODE,USER_NO,CHAT_JTIME,PLAN_NO) values (5,'HBDJ3970',2,to_date('20/04/04','RR/MM/DD'),null);
Insert into ADMIN.CHAT_MEMBER (CHAT_MEMBER_NO,ROOM_CODE,USER_NO,CHAT_JTIME,PLAN_NO) values (7,'PJVK7126',3,to_date('20/04/04','RR/MM/DD'),null);
Insert into ADMIN.CHAT_MEMBER (CHAT_MEMBER_NO,ROOM_CODE,USER_NO,CHAT_JTIME,PLAN_NO) values (8,'UXWT7945',3,to_date('20/04/04','RR/MM/DD'),null);
Insert into ADMIN.CHAT_MEMBER (CHAT_MEMBER_NO,ROOM_CODE,USER_NO,CHAT_JTIME,PLAN_NO) values (1,'PDQX6450',9,to_date('20/04/04','RR/MM/DD'),null);
Insert into ADMIN.CHAT_MEMBER (CHAT_MEMBER_NO,ROOM_CODE,USER_NO,CHAT_JTIME,PLAN_NO) values (2,'PKNU6607',9,to_date('20/04/04','RR/MM/DD'),null);
Insert into ADMIN.CHAT_MEMBER (CHAT_MEMBER_NO,ROOM_CODE,USER_NO,CHAT_JTIME,PLAN_NO) values (9,'HXPW8062',3,to_date('20/04/04','RR/MM/DD'),null);
Insert into ADMIN.CHAT_MEMBER (CHAT_MEMBER_NO,ROOM_CODE,USER_NO,CHAT_JTIME,PLAN_NO) values (10,'HXPW8062',2,to_date('20/04/04','RR/MM/DD'),null);
Insert into ADMIN.CHAT_MEMBER (CHAT_MEMBER_NO,ROOM_CODE,USER_NO,CHAT_JTIME,PLAN_NO) values (11,'HXPW8062',4,to_date('20/04/04','RR/MM/DD'),null);
REM INSERTING into ADMIN.DIRECTION
SET DEFINE OFF;
Insert into ADMIN.DIRECTION (DIRECTION_NO,TITLE,PLACE_FROM,PLACE_TO,DISTANCE,GPXFILE,D_USER_NO) values (8,'서울숲 => 뚝섬한강공원',75,76,3635.5403873256946,'000075000076.gpx',1);
Insert into ADMIN.DIRECTION (DIRECTION_NO,TITLE,PLACE_FROM,PLACE_TO,DISTANCE,GPXFILE,D_USER_NO) values (9,'여의동 주민센터 => 서울동작경찰서',77,78,5028.716638171087,'000077000078.gpx',1);
Insert into ADMIN.DIRECTION (DIRECTION_NO,TITLE,PLACE_FROM,PLACE_TO,DISTANCE,GPXFILE,D_USER_NO) values (10,'광나루 한강공원 => 뚝섬유원지',79,80,9656.43666093116,'000079000080.gpx',1);
Insert into ADMIN.DIRECTION (DIRECTION_NO,TITLE,PLACE_FROM,PLACE_TO,DISTANCE,GPXFILE,D_USER_NO) values (11,'영등포역3번출구 => 가을단풍길(노량진공원길)',81,82,4105.272395407597,'000081000082.gpx',1);
Insert into ADMIN.DIRECTION (DIRECTION_NO,TITLE,PLACE_FROM,PLACE_TO,DISTANCE,GPXFILE,D_USER_NO) values (6,'IFC몰 => 숭례문',71,72,6929.960725632846,'000071000072.gpx',1);
Insert into ADMIN.DIRECTION (DIRECTION_NO,TITLE,PLACE_FROM,PLACE_TO,DISTANCE,GPXFILE,D_USER_NO) values (7,'한강초등학교체육관 => 본동시민공원',73,74,3596.250082162884,'000073000074.gpx',1);
Insert into ADMIN.DIRECTION (DIRECTION_NO,TITLE,PLACE_FROM,PLACE_TO,DISTANCE,GPXFILE,D_USER_NO) values (12,'버거킹 종로점 => 리라초등학교공중전화(옥외)',83,84,1738.6254024367495,'000083000084.gpx',1);
Insert into ADMIN.DIRECTION (DIRECTION_NO,TITLE,PLACE_FROM,PLACE_TO,DISTANCE,GPXFILE,D_USER_NO) values (14,'당산역5번출구 => 삼천리자전거 영등포한강점',90,89,1458.0622868015657,'000090000089.gpx',1);
Insert into ADMIN.DIRECTION (DIRECTION_NO,TITLE,PLACE_FROM,PLACE_TO,DISTANCE,GPXFILE,D_USER_NO) values (17,'국회의사당역 9호선 => 장미아파트',18,97,2322.9861246240466,'000018000097.gpx',1);
Insert into ADMIN.DIRECTION (DIRECTION_NO,TITLE,PLACE_FROM,PLACE_TO,DISTANCE,GPXFILE,D_USER_NO) values (18,'주문진항 => 행신역입구',98,99,241545.55086338412,'000098000099.gpx',1);
Insert into ADMIN.DIRECTION (DIRECTION_NO,TITLE,PLACE_FROM,PLACE_TO,DISTANCE,GPXFILE,D_USER_NO) values (19,'수성예술아파트 => 현대연예인아파트',100,101,10035.057751587527,'000100000101.gpx',1);
Insert into ADMIN.DIRECTION (DIRECTION_NO,TITLE,PLACE_FROM,PLACE_TO,DISTANCE,GPXFILE,D_USER_NO) values (20,'상가 => 목동아파트6단지',102,103,1554.0929789910765,'000102000103.gpx',1);
Insert into ADMIN.DIRECTION (DIRECTION_NO,TITLE,PLACE_FROM,PLACE_TO,DISTANCE,GPXFILE,D_USER_NO) values (21,'우리은행 영등포구청지점 => 우리은행',104,105,1999.6557978963701,'000104000105.gpx',1);
Insert into ADMIN.DIRECTION (DIRECTION_NO,TITLE,PLACE_FROM,PLACE_TO,DISTANCE,GPXFILE,D_USER_NO) values (23,'춘천역 경춘선 => 가좌역1번출구',123,124,101997.79854388577,'000123000124.gpx',1);
Insert into ADMIN.DIRECTION (DIRECTION_NO,TITLE,PLACE_FROM,PLACE_TO,DISTANCE,GPXFILE,D_USER_NO) values (25,'당산역3번출구 => 염창현대1차아이파크아파트',106,126,4239.703495383688,'000106000126.gpx',5);
Insert into ADMIN.DIRECTION (DIRECTION_NO,TITLE,PLACE_FROM,PLACE_TO,DISTANCE,GPXFILE,D_USER_NO) values (26,'더풋샵 당산역점 => 여의도역 9호선',127,128,3649.6912890433296,'000127000128.gpx',5);
Insert into ADMIN.DIRECTION (DIRECTION_NO,TITLE,PLACE_FROM,PLACE_TO,DISTANCE,GPXFILE,D_USER_NO) values (27,'행신초등학교주차장 => 동수초등학교입구',131,132,21257.285962910217,'000131000132.gpx',5);
Insert into ADMIN.DIRECTION (DIRECTION_NO,TITLE,PLACE_FROM,PLACE_TO,DISTANCE,GPXFILE,D_USER_NO) values (28,'클릭한지점 => 도착한지점',133,134,1115.2484200266872,'000133000134.gpx',5);
Insert into ADMIN.DIRECTION (DIRECTION_NO,TITLE,PLACE_FROM,PLACE_TO,DISTANCE,GPXFILE,D_USER_NO) values (29,'유원제일2아파트 => 클릭지점',140,139,1417.7012408618216,'000140000139.gpx',4);
Insert into ADMIN.DIRECTION (DIRECTION_NO,TITLE,PLACE_FROM,PLACE_TO,DISTANCE,GPXFILE,D_USER_NO) values (30,'버거킹 홍대역점 => 도화현대1차',141,142,4520.103097728516,'000141000142.gpx',8);
Insert into ADMIN.DIRECTION (DIRECTION_NO,TITLE,PLACE_FROM,PLACE_TO,DISTANCE,GPXFILE,D_USER_NO) values (31,'춘천퇴계주공6단지아파트 => 투썸플레이스 남춘천역점',143,144,3210.245119025304,'000143000144.gpx',0);
Insert into ADMIN.DIRECTION (DIRECTION_NO,TITLE,PLACE_FROM,PLACE_TO,DISTANCE,GPXFILE,D_USER_NO) values (32,'배스킨라빈스 잠실나루역 => 홍대입구역8번출구',145,146,25006.721701127823,'000145000146.gpx',3);
REM INSERTING into ADMIN.MEMBER
SET DEFINE OFF;
Insert into ADMIN.MEMBER (USER_NO,USER_ID,PWD,USER_NAME,NICKNAME,STATE,JOINDATE,USER_IMG) values (1,'yms318@naver.com','asdf1234!','유민손','쇼니룽',99,to_date('20/02/24','RR/MM/DD'),'bike1.jpg');
Insert into ADMIN.MEMBER (USER_NO,USER_ID,PWD,USER_NAME,NICKNAME,STATE,JOINDATE,USER_IMG) values (2,'umsunny03@gmail.com','asdf1234!','성정민','달려라세강',1,to_date('20/02/25','RR/MM/DD'),'bike2.jpg');
Insert into ADMIN.MEMBER (USER_NO,USER_ID,PWD,USER_NAME,NICKNAME,STATE,JOINDATE,USER_IMG) values (3,'ymj0730@naver.com','asdf1234!','유민지','먼지야',1,to_date('20/02/26','RR/MM/DD'),'bike1.jpg');
Insert into ADMIN.MEMBER (USER_NO,USER_ID,PWD,USER_NAME,NICKNAME,STATE,JOINDATE,USER_IMG) values (4,'mbc369@hanmail.net','asdf1234!','김정미','새신랑',1,to_date('20/02/26','RR/MM/DD'),'bike2.jpg');
Insert into ADMIN.MEMBER (USER_NO,USER_ID,PWD,USER_NAME,NICKNAME,STATE,JOINDATE,USER_IMG) values (5,'thsalsghqkqh@gmail.com','asdf1234!','손민호','미노미노뀨',1,to_date('20/02/26','RR/MM/DD'),'bike1.jpg');
Insert into ADMIN.MEMBER (USER_NO,USER_ID,PWD,USER_NAME,NICKNAME,STATE,JOINDATE,USER_IMG) values (6,'test@gmail.com','asdf1234!','김범희','일산남자',1,to_date('20/03/20','RR/MM/DD'),'ryan5.JPG');
Insert into ADMIN.MEMBER (USER_NO,USER_ID,PWD,USER_NAME,NICKNAME,STATE,JOINDATE,USER_IMG) values (7,'test1@gmail.com','asdf1234!','황정원','황정원',1,to_date('20/03/20','RR/MM/DD'),'bike1.jpg');
Insert into ADMIN.MEMBER (USER_NO,USER_ID,PWD,USER_NAME,NICKNAME,STATE,JOINDATE,USER_IMG) values (8,'menthol24@naver.com','asdf1234!','유민선','왜안돼',1,to_date('20/03/26','RR/MM/DD'),'Hydrangeas.jpg');
Insert into ADMIN.MEMBER (USER_NO,USER_ID,PWD,USER_NAME,NICKNAME,STATE,JOINDATE,USER_IMG) values (9,'myn7866@naver.com','asdf1234!','문선옥','달서녹',1,to_date('20/04/03','RR/MM/DD'),'0dc7cf2f5da14c78b8c.jpg');
REM INSERTING into ADMIN.PLACE
SET DEFINE OFF;
Insert into ADMIN.PLACE (PLACE_NO,TITLE,LATITUDE,LONGITUDE,ROAD_ADDRESS,JIBUN_ADDRESS,P_USER_NO) values (6,'래미안',37.5322392,126.903082,'서울특별시 영등포구 당산로  214 당산 삼성 래미안','서울특별시 영등포구 당산동5가  42',null);
Insert into ADMIN.PLACE (PLACE_NO,TITLE,LATITUDE,LONGITUDE,ROAD_ADDRESS,JIBUN_ADDRESS,P_USER_NO) values (7,'코스트코코리아',37.5276277,126.8921279,'서울특별시 영등포구 선유로  156','서울특별시 영등포구 양평동3가  65-3',null);
Insert into ADMIN.PLACE (PLACE_NO,TITLE,LATITUDE,LONGITUDE,ROAD_ADDRESS,JIBUN_ADDRESS,P_USER_NO) values (4,'당산중학교',37.5322222,126.90747,'서울특별시 영등포구 버드나루로  160 당산중학교','서울특별시 영등포구 당산동  121',null);
Insert into ADMIN.PLACE (PLACE_NO,TITLE,LATITUDE,LONGITUDE,ROAD_ADDRESS,JIBUN_ADDRESS,P_USER_NO) values (5,'리치아파트',37.5241221,126.9107959,'서울특별시 영등포구 버드나루로12가길  14 리치아파트','서울특별시 영등포구 영등포동7가  94-83',null);
Insert into ADMIN.PLACE (PLACE_NO,TITLE,LATITUDE,LONGITUDE,ROAD_ADDRESS,JIBUN_ADDRESS,P_USER_NO) values (8,'래미안',37.5323073,126.903082,'서울특별시 영등포구 당산로  214 당산 삼성 래미안','서울특별시 영등포구 당산동5가  42',null);
Insert into ADMIN.PLACE (PLACE_NO,TITLE,LATITUDE,LONGITUDE,ROAD_ADDRESS,JIBUN_ADDRESS,P_USER_NO) values (68,'여의도한강공원',37.5319827,126.9249759,'서울특별시 영등포구 여의서로  62','서울특별시 영등포구 여의도동  83-6',1);
Insert into ADMIN.PLACE (PLACE_NO,TITLE,LATITUDE,LONGITUDE,ROAD_ADDRESS,JIBUN_ADDRESS,P_USER_NO) values (69,'수색동 주민센터',37.5835192,126.8936659,'서울특별시 은평구 수색로 280','서울특별시 은평구 수색동 363-12',1);
Insert into ADMIN.PLACE (PLACE_NO,TITLE,LATITUDE,LONGITUDE,ROAD_ADDRESS,JIBUN_ADDRESS,P_USER_NO) values (70,'궁동공원',37.5690506,126.9229851,'서울특별시 서대문구 성산로7길 19-22','서울특별시 서대문구 연희동 산118-1',1);
Insert into ADMIN.PLACE (PLACE_NO,TITLE,LATITUDE,LONGITUDE,ROAD_ADDRESS,JIBUN_ADDRESS,P_USER_NO) values (71,'IFC몰',37.5251911,126.9258013,'서울특별시 영등포구 국제금융로 10 IFC몰 B1','서울특별시 영등포구 여의도동 23 IFC몰 B1',1);
Insert into ADMIN.PLACE (PLACE_NO,TITLE,LATITUDE,LONGITUDE,ROAD_ADDRESS,JIBUN_ADDRESS,P_USER_NO) values (72,'숭례문',37.5596125,126.9752886,null,'서울특별시 중구 남대문로5가  1-5',1);
Insert into ADMIN.PLACE (PLACE_NO,TITLE,LATITUDE,LONGITUDE,ROAD_ADDRESS,JIBUN_ADDRESS,P_USER_NO) values (73,'한강초등학교체육관',37.525216,126.965059,'서울특별시 용산구 한강대로14길 9','서울특별시 용산구 한강로3가 65-5',1);
Insert into ADMIN.PLACE (PLACE_NO,TITLE,LATITUDE,LONGITUDE,ROAD_ADDRESS,JIBUN_ADDRESS,P_USER_NO) values (15,'IFC몰',37.5251942,126.9257198,'서울특별시 영등포구 국제금융로  10 서울 국제금융 센터','서울특별시 영등포구 여의도동  23',null);
Insert into ADMIN.PLACE (PLACE_NO,TITLE,LATITUDE,LONGITUDE,ROAD_ADDRESS,JIBUN_ADDRESS,P_USER_NO) values (16,'GS대영주유소',37.5254665,126.9041119,'서울특별시 영등포구 국회대로  632','서울특별시 영등포구 영등포동7가  63-8',null);
Insert into ADMIN.PLACE (PLACE_NO,TITLE,LATITUDE,LONGITUDE,ROAD_ADDRESS,JIBUN_ADDRESS,P_USER_NO) values (17,'당산역2번출구',37.5346662,126.9022953,null,'서울특별시 영등포구 당산동6가',null);
Insert into ADMIN.PLACE (PLACE_NO,TITLE,LATITUDE,LONGITUDE,ROAD_ADDRESS,JIBUN_ADDRESS,P_USER_NO) values (18,'국회의사당역 9호선',37.5281375,126.9178693,'서울특별시 영등포구 국회대로 758','서울특별시 영등포구 여의도동 1-6',null);
Insert into ADMIN.PLACE (PLACE_NO,TITLE,LATITUDE,LONGITUDE,ROAD_ADDRESS,JIBUN_ADDRESS,P_USER_NO) values (74,'본동시민공원',37.5145122,126.9523994,null,'서울특별시 동작구 본동',1);
Insert into ADMIN.PLACE (PLACE_NO,TITLE,LATITUDE,LONGITUDE,ROAD_ADDRESS,JIBUN_ADDRESS,P_USER_NO) values (75,'서울숲',37.5419645,127.0385662,'서울특별시 성동구 뚝섬로 273','서울특별시 성동구 성수동1가 685-1',1);
Insert into ADMIN.PLACE (PLACE_NO,TITLE,LATITUDE,LONGITUDE,ROAD_ADDRESS,JIBUN_ADDRESS,P_USER_NO) values (21,'경포해변',37.8054953,128.9082081,null,'강원도 강릉시 강문동 산1-1',null);
Insert into ADMIN.PLACE (PLACE_NO,TITLE,LATITUDE,LONGITUDE,ROAD_ADDRESS,JIBUN_ADDRESS,P_USER_NO) values (76,'뚝섬한강공원',37.5294517,127.0706769,'서울특별시 광진구 강변북로 139','서울특별시 광진구 자양동 704-1',1);
Insert into ADMIN.PLACE (PLACE_NO,TITLE,LATITUDE,LONGITUDE,ROAD_ADDRESS,JIBUN_ADDRESS,P_USER_NO) values (77,'여의동 주민센터',37.5177232,126.9345839,'서울특별시 영등포구 국제금융로 124 여의동주민센터','서울특별시 영등포구 여의도동 53-22',1);
Insert into ADMIN.PLACE (PLACE_NO,TITLE,LATITUDE,LONGITUDE,ROAD_ADDRESS,JIBUN_ADDRESS,P_USER_NO) values (78,'서울동작경찰서',37.5131459,126.9428596,'서울특별시 동작구 노량진로 148 동작경찰서','서울특별시 동작구 노량진1동 72-35',1);
Insert into ADMIN.PLACE (PLACE_NO,TITLE,LATITUDE,LONGITUDE,ROAD_ADDRESS,JIBUN_ADDRESS,P_USER_NO) values (79,'광나루 한강공원',37.5583388,127.1245699,'서울특별시 강동구 선사로 83-66 한강사업본부 광나루안내센터','서울특별시 강동구 암사동 637-6',1);
Insert into ADMIN.PLACE (PLACE_NO,TITLE,LATITUDE,LONGITUDE,ROAD_ADDRESS,JIBUN_ADDRESS,P_USER_NO) values (80,'뚝섬유원지',37.5300599,127.0686003,null,'서울특별시 광진구 자양동 427-1',1);
Insert into ADMIN.PLACE (PLACE_NO,TITLE,LATITUDE,LONGITUDE,ROAD_ADDRESS,JIBUN_ADDRESS,P_USER_NO) values (81,'영등포역3번출구',37.5158013,126.9071869,null,'서울특별시 영등포구 영등포동',1);
Insert into ADMIN.PLACE (PLACE_NO,TITLE,LATITUDE,LONGITUDE,ROAD_ADDRESS,JIBUN_ADDRESS,P_USER_NO) values (82,'가을단풍길(노량진공원길)',37.5055591,126.9293869,null,'서울특별시 동작구 대방동',1);
Insert into ADMIN.PLACE (PLACE_NO,TITLE,LATITUDE,LONGITUDE,ROAD_ADDRESS,JIBUN_ADDRESS,P_USER_NO) values (83,'버거킹 종로점',37.5699586,126.9881077,'서울특별시 종로구 종로 94','서울특별시 종로구 종로2가 56-23',1);
Insert into ADMIN.PLACE (PLACE_NO,TITLE,LATITUDE,LONGITUDE,ROAD_ADDRESS,JIBUN_ADDRESS,P_USER_NO) values (84,'리라초등학교공중전화(옥외)',37.55771,126.987944,'서울특별시 중구 소파로2길 7','서울특별시 중구 예장동 8-148',1);
Insert into ADMIN.PLACE (PLACE_NO,TITLE,LATITUDE,LONGITUDE,ROAD_ADDRESS,JIBUN_ADDRESS,P_USER_NO) values (46,'안산고등학교',37.3602486,126.8731499,'경기도 안산시 상록구 청룡4길 8 안산고등학교','경기도 안산시 상록구 장상동 10-3',1);
Insert into ADMIN.PLACE (PLACE_NO,TITLE,LATITUDE,LONGITUDE,ROAD_ADDRESS,JIBUN_ADDRESS,P_USER_NO) values (55,'사당역14번출구_가로공원공중전화(옥외)',37.476719,126.98247,'서울특별시 서초구 남부순환로 2103','서울특별시 서초구 방배동 445-3',1);
Insert into ADMIN.PLACE (PLACE_NO,TITLE,LATITUDE,LONGITUDE,ROAD_ADDRESS,JIBUN_ADDRESS,P_USER_NO) values (56,'안산고등학교 교무실',37.3608464,126.8751978,null,'경기도 안산시 상록구 장상동 9-1',1);
Insert into ADMIN.PLACE (PLACE_NO,TITLE,LATITUDE,LONGITUDE,ROAD_ADDRESS,JIBUN_ADDRESS,P_USER_NO) values (85,'강서구청입구',37.551101,126.849321,null,'서울특별시 강서구 화곡동',1);
Insert into ADMIN.PLACE (PLACE_NO,TITLE,LATITUDE,LONGITUDE,ROAD_ADDRESS,JIBUN_ADDRESS,P_USER_NO) values (58,'서해고등학교',37.3605727,126.7238019,'경기도 시흥시 정왕신길로 13 서해고등학교','경기도 시흥시 정왕동 1886-6',1);
Insert into ADMIN.PLACE (PLACE_NO,TITLE,LATITUDE,LONGITUDE,ROAD_ADDRESS,JIBUN_ADDRESS,P_USER_NO) values (59,'영등포소방서당산119안전센터',37.5354796,126.89918,'서울특별시 영등포구 양평로 70-1','서울특별시 영등포구 당산동6가 339-7',1);
Insert into ADMIN.PLACE (PLACE_NO,TITLE,LATITUDE,LONGITUDE,ROAD_ADDRESS,JIBUN_ADDRESS,P_USER_NO) values (60,'4호선_혜화역3번출구_지하2층_승강장_당고개공중전화(옥내)',37.582039,127.00189,'서울특별시 종로구 대학로 120','서울특별시 종로구 동숭동 67-2',1);
Insert into ADMIN.PLACE (PLACE_NO,TITLE,LATITUDE,LONGITUDE,ROAD_ADDRESS,JIBUN_ADDRESS,P_USER_NO) values (61,'계룡아파트',37.570786,126.9059333,'서울특별시 마포구 월드컵북로38가길 20','서울특별시 마포구 중동 391',1);
Insert into ADMIN.PLACE (PLACE_NO,TITLE,LATITUDE,LONGITUDE,ROAD_ADDRESS,JIBUN_ADDRESS,P_USER_NO) values (62,'행신역 경의중앙선',37.6121415,126.8340791,'경기도 고양시 덕양구 소원로 114','경기도 고양시 덕양구 행신동 812',1);
Insert into ADMIN.PLACE (PLACE_NO,TITLE,LATITUDE,LONGITUDE,ROAD_ADDRESS,JIBUN_ADDRESS,P_USER_NO) values (63,'시흥경찰서 장곡지구대',37.381979,126.781256,'경기도 시흥시 장곡로54번길 25-14 장곡지구대','경기도 시흥시 장곡동 793-3',1);
Insert into ADMIN.PLACE (PLACE_NO,TITLE,LATITUDE,LONGITUDE,ROAD_ADDRESS,JIBUN_ADDRESS,P_USER_NO) values (64,'진말대우아파트',37.3803867,126.7865928,'경기도 시흥시 진말로 36','경기도 시흥시 장곡동 828',1);
Insert into ADMIN.PLACE (PLACE_NO,TITLE,LATITUDE,LONGITUDE,ROAD_ADDRESS,JIBUN_ADDRESS,P_USER_NO) values (65,'강마을삼성래미안당산1차아파트',37.5343799,126.9059115,'서울특별시 영등포구 당산로54길 11','서울특별시 영등포구 당산동 374',1);
Insert into ADMIN.PLACE (PLACE_NO,TITLE,LATITUDE,LONGITUDE,ROAD_ADDRESS,JIBUN_ADDRESS,P_USER_NO) values (66,'합정역',37.5493604,126.9133804,null,'서울특별시 마포구 합정동  422',1);
Insert into ADMIN.PLACE (PLACE_NO,TITLE,LATITUDE,LONGITUDE,ROAD_ADDRESS,JIBUN_ADDRESS,P_USER_NO) values (67,'더파크호텔 서울',37.5386953,126.8930683,'서울특별시 영등포구 양평로 136','서울특별시 영등포구 양평동5가 62',1);
Insert into ADMIN.PLACE (PLACE_NO,TITLE,LATITUDE,LONGITUDE,ROAD_ADDRESS,JIBUN_ADDRESS,P_USER_NO) values (86,'가을단풍길(우장근린공원내산책로)',37.5534575,126.8429625,null,'서울특별시 강서구 내발산동',1);
Insert into ADMIN.PLACE (PLACE_NO,TITLE,LATITUDE,LONGITUDE,ROAD_ADDRESS,JIBUN_ADDRESS,P_USER_NO) values (93,'구두수선',37.5340684,126.9012688,'서울특별시 영등포구 양평로  45-2 구두수선대51','서울특별시 영등포구 당산동5가  14-4',1);
Insert into ADMIN.PLACE (PLACE_NO,TITLE,LATITUDE,LONGITUDE,ROAD_ADDRESS,JIBUN_ADDRESS,P_USER_NO) values (94,'양평해장국',37.538067,126.8941663,null,'서울특별시 영등포구 양평동4가  202-1',1);
Insert into ADMIN.PLACE (PLACE_NO,TITLE,LATITUDE,LONGITUDE,ROAD_ADDRESS,JIBUN_ADDRESS,P_USER_NO) values (89,'삼천리자전거 영등포한강점',37.5257983,126.9057212,null,'서울특별시 영등포구 영등포동8가  28',1);
Insert into ADMIN.PLACE (PLACE_NO,TITLE,LATITUDE,LONGITUDE,ROAD_ADDRESS,JIBUN_ADDRESS,P_USER_NO) values (90,'당산역5번출구',37.5344763,126.9026241,null,'서울특별시 영등포구 당산동6가',1);
Insert into ADMIN.PLACE (PLACE_NO,TITLE,LATITUDE,LONGITUDE,ROAD_ADDRESS,JIBUN_ADDRESS,P_USER_NO) values (91,'영등포구',37.5342386,126.9021164,'서울특별시 영등포구 양평로  46-2 가로판매대66','서울특별시 영등포구 당산동6가  227-1',1);
Insert into ADMIN.PLACE (PLACE_NO,TITLE,LATITUDE,LONGITUDE,ROAD_ADDRESS,JIBUN_ADDRESS,P_USER_NO) values (92,'양평로',37.5365867,126.8919025,'서울특별시 영등포구 양평로21길  26 선유도역1차아이에스비즈타워','서울특별시 영등포구 양평동5가  1-1',1);
Insert into ADMIN.PLACE (PLACE_NO,TITLE,LATITUDE,LONGITUDE,ROAD_ADDRESS,JIBUN_ADDRESS,P_USER_NO) values (97,'장미아파트',37.5234717,126.9342005,'서울특별시 영등포구 국제금융로7길 32','서울특별시 영등포구 여의도동 40',1);
Insert into ADMIN.PLACE (PLACE_NO,TITLE,LATITUDE,LONGITUDE,ROAD_ADDRESS,JIBUN_ADDRESS,P_USER_NO) values (98,'주문진항',37.8921969,128.829985,null,'강원도 강릉시 주문진읍 주문리',1);
Insert into ADMIN.PLACE (PLACE_NO,TITLE,LATITUDE,LONGITUDE,ROAD_ADDRESS,JIBUN_ADDRESS,P_USER_NO) values (99,'행신역입구',37.6126083,126.8341249,null,'경기도 고양시 덕양구 행신동',1);
Insert into ADMIN.PLACE (PLACE_NO,TITLE,LATITUDE,LONGITUDE,ROAD_ADDRESS,JIBUN_ADDRESS,P_USER_NO) values (100,'수성예술아파트',37.5380458,126.8951178,'서울특별시 영등포구 선유로51길 32','서울특별시 영등포구 양평동4가 196',5);
Insert into ADMIN.PLACE (PLACE_NO,TITLE,LATITUDE,LONGITUDE,ROAD_ADDRESS,JIBUN_ADDRESS,P_USER_NO) values (101,'현대연예인아파트',37.4927124,126.8772189,'서울특별시 구로구 구일로4길 46','서울특별시 구로구 구로동 685-70',5);
Insert into ADMIN.PLACE (PLACE_NO,TITLE,LATITUDE,LONGITUDE,ROAD_ADDRESS,JIBUN_ADDRESS,P_USER_NO) values (102,'상가',37.5366718,126.8849288,'서울특별시 양천구 목동동로  430 목동신시가지아파트6단지','서울특별시 양천구 목동  911',5);
Insert into ADMIN.PLACE (PLACE_NO,TITLE,LATITUDE,LONGITUDE,ROAD_ADDRESS,JIBUN_ADDRESS,P_USER_NO) values (103,'목동아파트6단지',37.5349192,126.8851219,'서울특별시 양천구 목동동로  430 목동신시가지아파트6단지','서울특별시 양천구 목동  911',5);
Insert into ADMIN.PLACE (PLACE_NO,TITLE,LATITUDE,LONGITUDE,ROAD_ADDRESS,JIBUN_ADDRESS,P_USER_NO) values (104,'우리은행 영등포구청지점',37.525958,126.8964189,'서울특별시 영등포구 당산로 123 영등포구청','서울특별시 영등포구 당산동3가 385-1',1);
Insert into ADMIN.PLACE (PLACE_NO,TITLE,LATITUDE,LONGITUDE,ROAD_ADDRESS,JIBUN_ADDRESS,P_USER_NO) values (105,'우리은행',37.5190586,126.9081061,'서울특별시 영등포구 영등포로  240 (주)우리은행 영등포지점','서울특별시 영등포구 영등포동3가  3',1);
Insert into ADMIN.PLACE (PLACE_NO,TITLE,LATITUDE,LONGITUDE,ROAD_ADDRESS,JIBUN_ADDRESS,P_USER_NO) values (106,'당산역3번출구',37.5353179,126.9028323,null,'서울특별시 영등포구 당산동6가',5);
Insert into ADMIN.PLACE (PLACE_NO,TITLE,LATITUDE,LONGITUDE,ROAD_ADDRESS,JIBUN_ADDRESS,P_USER_NO) values (107,'남춘천역 경춘선(ITX)',37.8641191,127.7236779,'강원도 춘천시 영서로 2260','강원도 춘천시 퇴계동 633-2',5);
Insert into ADMIN.PLACE (PLACE_NO,TITLE,LATITUDE,LONGITUDE,ROAD_ADDRESS,JIBUN_ADDRESS,P_USER_NO) values (108,'당산역',37.5349192,126.9026743,'서울특별시 영등포구 당산로  229 당산역','서울특별시 영등포구 당산동6가  323-1',5);
Insert into ADMIN.PLACE (PLACE_NO,TITLE,LATITUDE,LONGITUDE,ROAD_ADDRESS,JIBUN_ADDRESS,P_USER_NO) values (109,'네이버 하비 코리아',37.5599083,126.9263457,'서울특별시 마포구 연희로 11 한국특허정보원빌딩 1층','서울특별시 마포구 동교동 146-8',5);
Insert into ADMIN.PLACE (PLACE_NO,TITLE,LATITUDE,LONGITUDE,ROAD_ADDRESS,JIBUN_ADDRESS,P_USER_NO) values (110,'당산역4번출구',37.535183,126.9030987,null,'서울특별시 영등포구 당산동6가',5);
Insert into ADMIN.PLACE (PLACE_NO,TITLE,LATITUDE,LONGITUDE,ROAD_ADDRESS,JIBUN_ADDRESS,P_USER_NO) values (111,'할리스커피 당산역점',37.5334823,126.9012533,'서울특별시 영등포구 당산로 219','서울특별시 영등포구 당산동5가 28',5);
Insert into ADMIN.PLACE (PLACE_NO,TITLE,LATITUDE,LONGITUDE,ROAD_ADDRESS,JIBUN_ADDRESS,P_USER_NO) values (140,'유원제일2아파트',37.5334558,126.8983827,'서울특별시 영등포구 선유동2로  56 유원제일2차아파트','서울특별시 영등포구 당산동5가  7-2',4);
Insert into ADMIN.PLACE (PLACE_NO,TITLE,LATITUDE,LONGITUDE,ROAD_ADDRESS,JIBUN_ADDRESS,P_USER_NO) values (113,'선유도공원',37.543418,126.90014,'서울특별시 영등포구 선유로 343','서울특별시 영등포구 양화동 95',5);
Insert into ADMIN.PLACE (PLACE_NO,TITLE,LATITUDE,LONGITUDE,ROAD_ADDRESS,JIBUN_ADDRESS,P_USER_NO) values (141,'버거킹 홍대역점',37.5557499,126.9235629,'서울특별시 마포구 홍익로6길 34','서울특별시 마포구 동교동 164-31 LG팰리스 후면 1층',8);
Insert into ADMIN.PLACE (PLACE_NO,TITLE,LATITUDE,LONGITUDE,ROAD_ADDRESS,JIBUN_ADDRESS,P_USER_NO) values (142,'도화현대1차',37.5399112,126.9544619,'서울특별시 마포구 새창로  52 도화동현대아파트','서울특별시 마포구 도화동  357',8);
Insert into ADMIN.PLACE (PLACE_NO,TITLE,LATITUDE,LONGITUDE,ROAD_ADDRESS,JIBUN_ADDRESS,P_USER_NO) values (118,'가마로강정 당산역점',37.5331747,126.9029139,'서울특별시 영등포구 당산로 214','서울특별시 영등포구 당산동5가 42 당산 삼성 래미안 상가 101-2',0);
Insert into ADMIN.PLACE (PLACE_NO,TITLE,LATITUDE,LONGITUDE,ROAD_ADDRESS,JIBUN_ADDRESS,P_USER_NO) values (119,'당서중',37.5320435,126.8983398,'서울특별시 영등포구 당산로41길  12 당산서중학교','서울특별시 영등포구 당산동5가  5',0);
Insert into ADMIN.PLACE (PLACE_NO,TITLE,LATITUDE,LONGITUDE,ROAD_ADDRESS,JIBUN_ADDRESS,P_USER_NO) values (121,'당산역 2호선',37.5349277,126.9027279,'서울특별시 영등포구 당산로 229','서울특별시 영등포구 당산동6가 323-1',0);
Insert into ADMIN.PLACE (PLACE_NO,TITLE,LATITUDE,LONGITUDE,ROAD_ADDRESS,JIBUN_ADDRESS,P_USER_NO) values (122,'국회의사당',37.5319169,126.9142029,'서울특별시 영등포구 의사당대로 1','서울특별시 영등포구 여의도동 1',5);
Insert into ADMIN.PLACE (PLACE_NO,TITLE,LATITUDE,LONGITUDE,ROAD_ADDRESS,JIBUN_ADDRESS,P_USER_NO) values (123,'춘천역 경춘선',37.8843893,127.7166088,'강원도 춘천시 공지로 591','강원도 춘천시 근화동 190',5);
Insert into ADMIN.PLACE (PLACE_NO,TITLE,LATITUDE,LONGITUDE,ROAD_ADDRESS,JIBUN_ADDRESS,P_USER_NO) values (124,'가좌역1번출구',37.5683945,126.9148575,null,'서울특별시 마포구 성산동',5);
Insert into ADMIN.PLACE (PLACE_NO,TITLE,LATITUDE,LONGITUDE,ROAD_ADDRESS,JIBUN_ADDRESS,P_USER_NO) values (125,'성지고등학교',37.2722655,127.1312966,'경기도 용인시 기흥구 갈곡로12번길 13','경기도 용인시 기흥구 구갈동 599',5);
Insert into ADMIN.PLACE (PLACE_NO,TITLE,LATITUDE,LONGITUDE,ROAD_ADDRESS,JIBUN_ADDRESS,P_USER_NO) values (126,'염창현대1차아이파크아파트',37.5532897,126.8754559,'서울특별시 강서구 양천로75길 57','서울특별시 강서구 염창동 288',5);
Insert into ADMIN.PLACE (PLACE_NO,TITLE,LATITUDE,LONGITUDE,ROAD_ADDRESS,JIBUN_ADDRESS,P_USER_NO) values (127,'더풋샵 당산역점',37.533225,126.9022845,'서울특별시 영등포구 당산로 222 당산디오빌 B117호','서울특별시 영등포구 당산동5가 11-33',5);
Insert into ADMIN.PLACE (PLACE_NO,TITLE,LATITUDE,LONGITUDE,ROAD_ADDRESS,JIBUN_ADDRESS,P_USER_NO) values (128,'여의도역 9호선',37.5218982,126.9238844,'서울특별시 영등포구 여의나루로 40 여의도역','서울특별시 영등포구 여의도동 3',5);
Insert into ADMIN.PLACE (PLACE_NO,TITLE,LATITUDE,LONGITUDE,ROAD_ADDRESS,JIBUN_ADDRESS,P_USER_NO) values (129,'당산역 TIS',37.5340854,126.9015263,'서울특별시 영등포구 양평로  45-2 구두수선대51','서울특별시 영등포구 당산동5가  14-4',1);
Insert into ADMIN.PLACE (PLACE_NO,TITLE,LATITUDE,LONGITUDE,ROAD_ADDRESS,JIBUN_ADDRESS,P_USER_NO) values (130,'당산역 맛집',37.5211183,126.8863235,'서울특별시 영등포구 문래북로  10-3','서울특별시 영등포구 문래동6가  29-1',1);
Insert into ADMIN.PLACE (PLACE_NO,TITLE,LATITUDE,LONGITUDE,ROAD_ADDRESS,JIBUN_ADDRESS,P_USER_NO) values (131,'행신초등학교주차장',37.6220598,126.8363028,null,'경기도 고양시 덕양구 행신동',5);
Insert into ADMIN.PLACE (PLACE_NO,TITLE,LATITUDE,LONGITUDE,ROAD_ADDRESS,JIBUN_ADDRESS,P_USER_NO) values (132,'동수초등학교입구',37.4845833,126.7304784,null,'인천광역시 부평구 부평동',5);
Insert into ADMIN.PLACE (PLACE_NO,TITLE,LATITUDE,LONGITUDE,ROAD_ADDRESS,JIBUN_ADDRESS,P_USER_NO) values (136,'당산역 9호선',37.5338782,126.9019651,'서울특별시 영등포구 양평로 40','서울특별시 영등포구 당산동6가 227-1',4);
Insert into ADMIN.PLACE (PLACE_NO,TITLE,LATITUDE,LONGITUDE,ROAD_ADDRESS,JIBUN_ADDRESS,P_USER_NO) values (138,'영등포구 구두수선대',37.5338642,126.9017516,'서울특별시 영등포구 양평로  45-2 구두수선대51','서울특별시 영등포구 당산동5가  14-4',4);
Insert into ADMIN.PLACE (PLACE_NO,TITLE,LATITUDE,LONGITUDE,ROAD_ADDRESS,JIBUN_ADDRESS,P_USER_NO) values (139,'클릭지점',37.5331836,126.9066439,null,'서울특별시 영등포구 당산동6가  10-7',4);
Insert into ADMIN.PLACE (PLACE_NO,TITLE,LATITUDE,LONGITUDE,ROAD_ADDRESS,JIBUN_ADDRESS,P_USER_NO) values (143,'춘천퇴계주공6단지아파트',37.8503821,127.7420192,'강원도 춘천시 지석로 64','강원도 춘천시 퇴계동 1015',0);
Insert into ADMIN.PLACE (PLACE_NO,TITLE,LATITUDE,LONGITUDE,ROAD_ADDRESS,JIBUN_ADDRESS,P_USER_NO) values (144,'투썸플레이스 남춘천역점',37.8684039,127.7235337,'강원도 춘천시 춘천로44번길 4','강원도 춘천시 퇴계동 1135',0);
Insert into ADMIN.PLACE (PLACE_NO,TITLE,LATITUDE,LONGITUDE,ROAD_ADDRESS,JIBUN_ADDRESS,P_USER_NO) values (145,'배스킨라빈스 잠실나루역',37.5200969,127.1038633,'서울특별시 송파구 올림픽로35길 94 장미C상가 106호','서울특별시 송파구 신천동 11 장미C상가 106호',3);
Insert into ADMIN.PLACE (PLACE_NO,TITLE,LATITUDE,LONGITUDE,ROAD_ADDRESS,JIBUN_ADDRESS,P_USER_NO) values (146,'홍대입구역8번출구',37.5568938,126.9241235,null,'서울특별시 마포구 동교동',3);
REM INSERTING into ADMIN.PLACE_INFO
SET DEFINE OFF;
REM INSERTING into ADMIN.PLACE_REVIEW
SET DEFINE OFF;
REM INSERTING into ADMIN.PLAN
SET DEFINE OFF;
Insert into ADMIN.PLAN (PLAN_NO,USER_NO,PLAN_TITLE,PLAN_ABOUT,PLACE_NO,DIRECTION_NO,PLAN_WDATE,PLAN_CODE) values (3,2,'남춘천역에서 퇴계주공6차까지 자전거 타기','^^',123,0,to_date('20/04/04','RR/MM/DD'),'KNVI7139');
Insert into ADMIN.PLAN (PLAN_NO,USER_NO,PLAN_TITLE,PLAN_ABOUT,PLACE_NO,DIRECTION_NO,PLAN_WDATE,PLAN_CODE) values (4,3,'플랜 생성 테스트!','될까안될까',136,0,to_date('20/04/04','RR/MM/DD'),'UXWT7945');
Insert into ADMIN.PLAN (PLAN_NO,USER_NO,PLAN_TITLE,PLAN_ABOUT,PLACE_NO,DIRECTION_NO,PLAN_WDATE,PLAN_CODE) values (5,3,'플랜 생성 테스트!','될까안될까',0,27,to_date('20/04/04','RR/MM/DD'),'UXWT7945');
Insert into ADMIN.PLAN (PLAN_NO,USER_NO,PLAN_TITLE,PLAN_ABOUT,PLACE_NO,DIRECTION_NO,PLAN_WDATE,PLAN_CODE) values (6,3,'플랜 생성 테스트!','될까안될까',131,0,to_date('20/04/04','RR/MM/DD'),'UXWT7945');
Insert into ADMIN.PLAN (PLAN_NO,USER_NO,PLAN_TITLE,PLAN_ABOUT,PLACE_NO,DIRECTION_NO,PLAN_WDATE,PLAN_CODE) values (7,3,' IFC몰 => 숭례문 가기','><',97,0,to_date('20/04/04','RR/MM/DD'),'OUVT1200');
Insert into ADMIN.PLAN (PLAN_NO,USER_NO,PLAN_TITLE,PLAN_ABOUT,PLACE_NO,DIRECTION_NO,PLAN_WDATE,PLAN_CODE) values (8,3,' IFC몰 => 숭례문 가기','><',0,6,to_date('20/04/04','RR/MM/DD'),'OUVT1200');
Insert into ADMIN.PLAN (PLAN_NO,USER_NO,PLAN_TITLE,PLAN_ABOUT,PLACE_NO,DIRECTION_NO,PLAN_WDATE,PLAN_CODE) values (9,3,' IFC몰 => 숭례문 가기','><',94,0,to_date('20/04/04','RR/MM/DD'),'OUVT1200');
Insert into ADMIN.PLAN (PLAN_NO,USER_NO,PLAN_TITLE,PLAN_ABOUT,PLACE_NO,DIRECTION_NO,PLAN_WDATE,PLAN_CODE) values (10,3,'잠실나루에서 홍대까지 가실 분 구합니다','(3명까지)',0,32,to_date('20/04/04','RR/MM/DD'),'HXPW8062');
Insert into ADMIN.PLAN (PLAN_NO,USER_NO,PLAN_TITLE,PLAN_ABOUT,PLACE_NO,DIRECTION_NO,PLAN_WDATE,PLAN_CODE) values (1,2,'남춘천역에서 퇴계주공6차까지 자전거 타기','^^',0,31,to_date('20/04/04','RR/MM/DD'),'KNVI7139');
Insert into ADMIN.PLAN (PLAN_NO,USER_NO,PLAN_TITLE,PLAN_ABOUT,PLACE_NO,DIRECTION_NO,PLAN_WDATE,PLAN_CODE) values (2,2,'남춘천역에서 퇴계주공6차까지 자전거 타기','^^',0,23,to_date('20/04/04','RR/MM/DD'),'KNVI7139');
REM INSERTING into ADMIN.PLAN_INFO
SET DEFINE OFF;
Insert into ADMIN.PLAN_INFO (PLAN_INFO_NO,PLAN_CODE,USER_NO,PLAN_JOIN,PLAN_QUIT,SHARE_ORNOT) values (3,'OUVT1200',3,to_date('20/04/04','RR/MM/DD'),null,0);
Insert into ADMIN.PLAN_INFO (PLAN_INFO_NO,PLAN_CODE,USER_NO,PLAN_JOIN,PLAN_QUIT,SHARE_ORNOT) values (5,'HXPW8062',3,to_date('20/04/04','RR/MM/DD'),null,1);
Insert into ADMIN.PLAN_INFO (PLAN_INFO_NO,PLAN_CODE,USER_NO,PLAN_JOIN,PLAN_QUIT,SHARE_ORNOT) values (1,'KNVI7139',2,to_date('20/04/04','RR/MM/DD'),null,1);
Insert into ADMIN.PLAN_INFO (PLAN_INFO_NO,PLAN_CODE,USER_NO,PLAN_JOIN,PLAN_QUIT,SHARE_ORNOT) values (2,'UXWT7945',3,to_date('20/04/04','RR/MM/DD'),null,0);
Insert into ADMIN.PLAN_INFO (PLAN_INFO_NO,PLAN_CODE,USER_NO,PLAN_JOIN,PLAN_QUIT,SHARE_ORNOT) values (6,'HXPW8062',2,to_date('20/04/04','RR/MM/DD'),null,0);
Insert into ADMIN.PLAN_INFO (PLAN_INFO_NO,PLAN_CODE,USER_NO,PLAN_JOIN,PLAN_QUIT,SHARE_ORNOT) values (7,'HXPW8062',4,to_date('20/04/04','RR/MM/DD'),null,0);
REM INSERTING into ADMIN.PLAN_MEMBER
SET DEFINE OFF;
REM INSERTING into ADMIN.REPLY
SET DEFINE OFF;
Insert into ADMIN.REPLY (REPLY_IDX,REPLY_CONTENT,REPLY_WNAME,WDATE,BOARD_IDX_FK,REPLY_ID) values (33,'추천 꾸욱~^ㅇ^','새신랑',to_date('20/03/26','RR/MM/DD'),103,'mbc369@hanmail.net');
Insert into ADMIN.REPLY (REPLY_IDX,REPLY_CONTENT,REPLY_WNAME,WDATE,BOARD_IDX_FK,REPLY_ID) values (34,'^*^','민선이',to_date('20/03/26','RR/MM/DD'),103,'menthol24@naver.com');
Insert into ADMIN.REPLY (REPLY_IDX,REPLY_CONTENT,REPLY_WNAME,WDATE,BOARD_IDX_FK,REPLY_ID) values (30,'신이시여;;','미노미노뀨',to_date('20/03/24','RR/MM/DD'),55,'thsalsghqkqh@gmail.com');
Insert into ADMIN.REPLY (REPLY_IDX,REPLY_CONTENT,REPLY_WNAME,WDATE,BOARD_IDX_FK,REPLY_ID) values (32,'대수시여...','미노미노뀨',to_date('20/03/25','RR/MM/DD'),55,'thsalsghqkqh@gmail.com');
Insert into ADMIN.REPLY (REPLY_IDX,REPLY_CONTENT,REPLY_WNAME,WDATE,BOARD_IDX_FK,REPLY_ID) values (35,'댓글 달아욥','먼지야',to_date('20/04/04','RR/MM/DD'),103,'ymj0730@naver.com');
Insert into ADMIN.REPLY (REPLY_IDX,REPLY_CONTENT,REPLY_WNAME,WDATE,BOARD_IDX_FK,REPLY_ID) values (33,'추천 꾸욱~^ㅇ^','새신랑',to_date('20/03/26','RR/MM/DD'),103,'mbc369@hanmail.net');
Insert into ADMIN.REPLY (REPLY_IDX,REPLY_CONTENT,REPLY_WNAME,WDATE,BOARD_IDX_FK,REPLY_ID) values (34,'^*^','민선이',to_date('20/03/26','RR/MM/DD'),103,'menthol24@naver.com');
Insert into ADMIN.REPLY (REPLY_IDX,REPLY_CONTENT,REPLY_WNAME,WDATE,BOARD_IDX_FK,REPLY_ID) values (30,'신이시여;;','미노미노뀨',to_date('20/03/24','RR/MM/DD'),55,'thsalsghqkqh@gmail.com');
Insert into ADMIN.REPLY (REPLY_IDX,REPLY_CONTENT,REPLY_WNAME,WDATE,BOARD_IDX_FK,REPLY_ID) values (32,'대수시여...','미노미노뀨',to_date('20/03/25','RR/MM/DD'),55,'thsalsghqkqh@gmail.com');
Insert into ADMIN.REPLY (REPLY_IDX,REPLY_CONTENT,REPLY_WNAME,WDATE,BOARD_IDX_FK,REPLY_ID) values (35,'댓글 달아욥','먼지야',to_date('20/04/04','RR/MM/DD'),103,'ymj0730@naver.com');
Insert into ADMIN.REPLY (REPLY_IDX,REPLY_CONTENT,REPLY_WNAME,WDATE,BOARD_IDX_FK,REPLY_ID) values (33,'추천 꾸욱~^ㅇ^','새신랑',to_date('20/03/26','RR/MM/DD'),103,'mbc369@hanmail.net');
Insert into ADMIN.REPLY (REPLY_IDX,REPLY_CONTENT,REPLY_WNAME,WDATE,BOARD_IDX_FK,REPLY_ID) values (34,'^*^','민선이',to_date('20/03/26','RR/MM/DD'),103,'menthol24@naver.com');
Insert into ADMIN.REPLY (REPLY_IDX,REPLY_CONTENT,REPLY_WNAME,WDATE,BOARD_IDX_FK,REPLY_ID) values (30,'신이시여;;','미노미노뀨',to_date('20/03/24','RR/MM/DD'),55,'thsalsghqkqh@gmail.com');
Insert into ADMIN.REPLY (REPLY_IDX,REPLY_CONTENT,REPLY_WNAME,WDATE,BOARD_IDX_FK,REPLY_ID) values (32,'대수시여...','미노미노뀨',to_date('20/03/25','RR/MM/DD'),55,'thsalsghqkqh@gmail.com');
Insert into ADMIN.REPLY (REPLY_IDX,REPLY_CONTENT,REPLY_WNAME,WDATE,BOARD_IDX_FK,REPLY_ID) values (35,'댓글 달아욥','먼지야',to_date('20/04/04','RR/MM/DD'),103,'ymj0730@naver.com');
REM INSERTING into ADMIN.SAVED_PLACE
SET DEFINE OFF;
REM INSERTING into ADMIN.SAVED_RIDING
SET DEFINE OFF;
--------------------------------------------------------
--  DDL for Index CATEGORY_CODE_UK
--------------------------------------------------------

  CREATE UNIQUE INDEX "ADMIN"."CATEGORY_CODE_UK" ON "ADMIN"."CATEGORY" ("CATEGORY_CODE")
--------------------------------------------------------
--  DDL for Index CATEGORY_NAME_UK
--------------------------------------------------------

  CREATE UNIQUE INDEX "ADMIN"."CATEGORY_NAME_UK" ON "ADMIN"."CATEGORY" ("CATEGORY_NAME")
--------------------------------------------------------
--  DDL for Index PK_DIRECTION
--------------------------------------------------------

  CREATE UNIQUE INDEX "ADMIN"."PK_DIRECTION" ON "ADMIN"."DIRECTION" ("DIRECTION_NO")
--------------------------------------------------------
--  DDL for Index PK_PLACE
--------------------------------------------------------

  CREATE UNIQUE INDEX "ADMIN"."PK_PLACE" ON "ADMIN"."PLACE" ("PLACE_NO")
--------------------------------------------------------
--  DDL for Index SYS_C007381
--------------------------------------------------------

  CREATE UNIQUE INDEX "ADMIN"."SYS_C007381" ON "ADMIN"."MEMBER" ("USER_NO")
--------------------------------------------------------
--  DDL for Index SYS_C007396
--------------------------------------------------------

  CREATE UNIQUE INDEX "ADMIN"."SYS_C007396" ON "ADMIN"."CAMPAIGN" ("CAMPAIGN_NO")
--------------------------------------------------------
--  DDL for Index SYS_C007397
--------------------------------------------------------

  CREATE UNIQUE INDEX "ADMIN"."SYS_C007397" ON "ADMIN"."PLAN_INFO" ("PLAN_INFO_NO")
--------------------------------------------------------
--  DDL for Index SYS_C007401
--------------------------------------------------------

  CREATE UNIQUE INDEX "ADMIN"."SYS_C007401" ON "ADMIN"."PLAN" ("PLAN_NO")
--------------------------------------------------------
--  DDL for Index SYS_C007428
--------------------------------------------------------

  CREATE UNIQUE INDEX "ADMIN"."SYS_C007428" ON "ADMIN"."BOARD" ("BOARD_IDX")
--------------------------------------------------------
--  DDL for Index SYS_C007494
--------------------------------------------------------

  CREATE UNIQUE INDEX "ADMIN"."SYS_C007494" ON "ADMIN"."CHAT_MEMBER" ("CHAT_MEMBER_NO")
--------------------------------------------------------
--  DDL for Index USER_NICKNAME_UK
--------------------------------------------------------

  CREATE UNIQUE INDEX "ADMIN"."USER_NICKNAME_UK" ON "ADMIN"."MEMBER" ("NICKNAME")
--------------------------------------------------------
--  DDL for Index USER_USER_ID_UK
--------------------------------------------------------

  CREATE UNIQUE INDEX "ADMIN"."USER_USER_ID_UK" ON "ADMIN"."MEMBER" ("USER_ID")
--------------------------------------------------------
--  Constraints for Table PLACE_INFO
--------------------------------------------------------

  ALTER TABLE "ADMIN"."PLACE_INFO" MODIFY ("PLACE_NAME" NOT NULL ENABLE)
  ALTER TABLE "ADMIN"."PLACE_INFO" MODIFY ("CATEGORY_CODE" NOT NULL ENABLE)
  ALTER TABLE "ADMIN"."PLACE_INFO" MODIFY ("PLACE_LATITUDE" NOT NULL ENABLE)
  ALTER TABLE "ADMIN"."PLACE_INFO" MODIFY ("PLACE_LONGITUDE" NOT NULL ENABLE)
  ALTER TABLE "ADMIN"."PLACE_INFO" ADD PRIMARY KEY ("PLACE_NO")
  USING INDEX  ENABLE
--------------------------------------------------------
--  Constraints for Table MEMBER
--------------------------------------------------------

  ALTER TABLE "ADMIN"."MEMBER" MODIFY ("PWD" NOT NULL ENABLE)
  ALTER TABLE "ADMIN"."MEMBER" MODIFY ("USER_ID" NOT NULL ENABLE)
  ALTER TABLE "ADMIN"."MEMBER" ADD CONSTRAINT "USER_NICKNAME_UK" UNIQUE ("NICKNAME")
  USING INDEX "ADMIN"."USER_NICKNAME_UK"  ENABLE
  ALTER TABLE "ADMIN"."MEMBER" ADD CONSTRAINT "USER_USER_ID_UK" UNIQUE ("USER_ID")
  USING INDEX "ADMIN"."USER_USER_ID_UK"  ENABLE
  ALTER TABLE "ADMIN"."MEMBER" ADD PRIMARY KEY ("USER_NO")
  USING INDEX  ENABLE
  ALTER TABLE "ADMIN"."MEMBER" MODIFY ("JOINDATE" NOT NULL ENABLE)
  ALTER TABLE "ADMIN"."MEMBER" MODIFY ("STATE" NOT NULL ENABLE)
  ALTER TABLE "ADMIN"."MEMBER" MODIFY ("NICKNAME" NOT NULL ENABLE)
  ALTER TABLE "ADMIN"."MEMBER" MODIFY ("USER_NAME" NOT NULL ENABLE)
--------------------------------------------------------
--  Constraints for Table CATEGORY
--------------------------------------------------------

  ALTER TABLE "ADMIN"."CATEGORY" MODIFY ("CATEGORY_CODE" NOT NULL ENABLE)
  ALTER TABLE "ADMIN"."CATEGORY" MODIFY ("CATEGORY_NAME" NOT NULL ENABLE)
  ALTER TABLE "ADMIN"."CATEGORY" ADD PRIMARY KEY ("CATEGORY_NO")
  USING INDEX  ENABLE
  ALTER TABLE "ADMIN"."CATEGORY" ADD CONSTRAINT "CATEGORY_CODE_UK" UNIQUE ("CATEGORY_CODE")
  USING INDEX  ENABLE
  ALTER TABLE "ADMIN"."CATEGORY" ADD CONSTRAINT "CATEGORY_NAME_UK" UNIQUE ("CATEGORY_NAME")
  USING INDEX  ENABLE
--------------------------------------------------------
--  Constraints for Table CHAT_MEMBER
--------------------------------------------------------

  ALTER TABLE "ADMIN"."CHAT_MEMBER" MODIFY ("ROOM_CODE" NOT NULL ENABLE)
  ALTER TABLE "ADMIN"."CHAT_MEMBER" ADD PRIMARY KEY ("CHAT_MEMBER_NO")
  USING INDEX  ENABLE
--------------------------------------------------------
--  Constraints for Table PLAN
--------------------------------------------------------

  ALTER TABLE "ADMIN"."PLAN" MODIFY ("PLAN_CODE" NOT NULL ENABLE)
  ALTER TABLE "ADMIN"."PLAN" MODIFY ("PLAN_ABOUT" NOT NULL ENABLE)
  ALTER TABLE "ADMIN"."PLAN" MODIFY ("PLAN_WDATE" NOT NULL ENABLE)
  ALTER TABLE "ADMIN"."PLAN" ADD PRIMARY KEY ("PLAN_NO")
  USING INDEX  ENABLE
  ALTER TABLE "ADMIN"."PLAN" MODIFY ("PLAN_TITLE" NOT NULL ENABLE)
  ALTER TABLE "ADMIN"."PLAN" MODIFY ("USER_NO" NOT NULL ENABLE)
--------------------------------------------------------
--  Constraints for Table PLACE
--------------------------------------------------------

  ALTER TABLE "ADMIN"."PLACE" ADD CONSTRAINT "PK_PLACE" PRIMARY KEY ("PLACE_NO")
  USING INDEX "ADMIN"."PK_PLACE"  ENABLE
  ALTER TABLE "ADMIN"."PLACE" MODIFY ("LONGITUDE" NOT NULL ENABLE)
  ALTER TABLE "ADMIN"."PLACE" MODIFY ("LATITUDE" NOT NULL ENABLE)
  ALTER TABLE "ADMIN"."PLACE" MODIFY ("PLACE_NO" NOT NULL ENABLE)
--------------------------------------------------------
--  Constraints for Table SAVED_RIDING
--------------------------------------------------------

  ALTER TABLE "ADMIN"."SAVED_RIDING" MODIFY ("USER_NO" NOT NULL ENABLE)
  ALTER TABLE "ADMIN"."SAVED_RIDING" MODIFY ("RIDING_NAME" NOT NULL ENABLE)
  ALTER TABLE "ADMIN"."SAVED_RIDING" MODIFY ("DEPART_LATITUDE" NOT NULL ENABLE)
  ALTER TABLE "ADMIN"."SAVED_RIDING" MODIFY ("DEPART_LONGTITUTE" NOT NULL ENABLE)
  ALTER TABLE "ADMIN"."SAVED_RIDING" MODIFY ("ARRIVE_LATITUDE" NOT NULL ENABLE)
  ALTER TABLE "ADMIN"."SAVED_RIDING" MODIFY ("ARRIVE_LONGTITUDE" NOT NULL ENABLE)
  ALTER TABLE "ADMIN"."SAVED_RIDING" MODIFY ("RIDING_WDATE" NOT NULL ENABLE)
  ALTER TABLE "ADMIN"."SAVED_RIDING" ADD PRIMARY KEY ("SAVED_RIDING_NO")
  USING INDEX  ENABLE
--------------------------------------------------------
--  Constraints for Table SAVED_PLACE
--------------------------------------------------------

  ALTER TABLE "ADMIN"."SAVED_PLACE" MODIFY ("USER_NO" NOT NULL ENABLE)
  ALTER TABLE "ADMIN"."SAVED_PLACE" MODIFY ("PLACE_NO" NOT NULL ENABLE)
  ALTER TABLE "ADMIN"."SAVED_PLACE" ADD PRIMARY KEY ("SAVED_PLACE_NO")
  USING INDEX  ENABLE
--------------------------------------------------------
--  Constraints for Table CHAT
--------------------------------------------------------

  ALTER TABLE "ADMIN"."CHAT" MODIFY ("PLAN_MEMBER_NO" NOT NULL ENABLE)
  ALTER TABLE "ADMIN"."CHAT" MODIFY ("CHAT_TITLE" NOT NULL ENABLE)
  ALTER TABLE "ADMIN"."CHAT" MODIFY ("CHAT_TEXT" NOT NULL ENABLE)
  ALTER TABLE "ADMIN"."CHAT" MODIFY ("CHAT_WTIME" NOT NULL ENABLE)
  ALTER TABLE "ADMIN"."CHAT" ADD PRIMARY KEY ("CHAT_NO")
  USING INDEX  ENABLE
--------------------------------------------------------
--  Constraints for Table BOARD
--------------------------------------------------------

  ALTER TABLE "ADMIN"."BOARD" ADD PRIMARY KEY ("BOARD_IDX")
  USING INDEX  ENABLE
  ALTER TABLE "ADMIN"."BOARD" MODIFY ("BOARD_USER_NO" NOT NULL ENABLE)
  ALTER TABLE "ADMIN"."BOARD" MODIFY ("BOARD_TITLE" NOT NULL ENABLE)
--------------------------------------------------------
--  Constraints for Table PLAN_INFO
--------------------------------------------------------

  ALTER TABLE "ADMIN"."PLAN_INFO" MODIFY ("SHARE_ORNOT" NOT NULL ENABLE)
  ALTER TABLE "ADMIN"."PLAN_INFO" ADD PRIMARY KEY ("PLAN_INFO_NO")
  USING INDEX  ENABLE
  ALTER TABLE "ADMIN"."PLAN_INFO" MODIFY ("PLAN_JOIN" NOT NULL ENABLE)
  ALTER TABLE "ADMIN"."PLAN_INFO" MODIFY ("USER_NO" NOT NULL ENABLE)
  ALTER TABLE "ADMIN"."PLAN_INFO" MODIFY ("PLAN_CODE" NOT NULL ENABLE)
--------------------------------------------------------
--  Constraints for Table DIRECTION
--------------------------------------------------------

  ALTER TABLE "ADMIN"."DIRECTION" ADD CONSTRAINT "PK_DIRECTION" PRIMARY KEY ("DIRECTION_NO")
  USING INDEX "ADMIN"."PK_DIRECTION"  ENABLE
  ALTER TABLE "ADMIN"."DIRECTION" MODIFY ("DISTANCE" NOT NULL ENABLE)
  ALTER TABLE "ADMIN"."DIRECTION" MODIFY ("PLACE_TO" NOT NULL ENABLE)
  ALTER TABLE "ADMIN"."DIRECTION" MODIFY ("PLACE_FROM" NOT NULL ENABLE)
  ALTER TABLE "ADMIN"."DIRECTION" MODIFY ("DIRECTION_NO" NOT NULL ENABLE)
--------------------------------------------------------
--  Constraints for Table PLAN_MEMBER
--------------------------------------------------------

  ALTER TABLE "ADMIN"."PLAN_MEMBER" MODIFY ("PLAN_NO" NOT NULL ENABLE)
  ALTER TABLE "ADMIN"."PLAN_MEMBER" MODIFY ("USER_NO" NOT NULL ENABLE)
  ALTER TABLE "ADMIN"."PLAN_MEMBER" MODIFY ("PLAN_JOIN_TIME" NOT NULL ENABLE)
  ALTER TABLE "ADMIN"."PLAN_MEMBER" ADD PRIMARY KEY ("PLAN_MEMBER_NO")
  USING INDEX  ENABLE
--------------------------------------------------------
--  Constraints for Table PLACE_REVIEW
--------------------------------------------------------

  ALTER TABLE "ADMIN"."PLACE_REVIEW" MODIFY ("PLACE_NO" NOT NULL ENABLE)
  ALTER TABLE "ADMIN"."PLACE_REVIEW" MODIFY ("RATE" NOT NULL ENABLE)
  ALTER TABLE "ADMIN"."PLACE_REVIEW" MODIFY ("USER_NO" NOT NULL ENABLE)
  ALTER TABLE "ADMIN"."PLACE_REVIEW" ADD PRIMARY KEY ("REVIEW_NO")
  USING INDEX  ENABLE
--------------------------------------------------------
--  Constraints for Table CAMPAIGN
--------------------------------------------------------

  ALTER TABLE "ADMIN"."CAMPAIGN" ADD PRIMARY KEY ("CAMPAIGN_NO")
  USING INDEX  ENABLE
--------------------------------------------------------
--  Ref Constraints for Table CHAT
--------------------------------------------------------

  ALTER TABLE "ADMIN"."CHAT" ADD FOREIGN KEY ("PLAN_MEMBER_NO")
	  REFERENCES "ADMIN"."PLAN_MEMBER" ("PLAN_MEMBER_NO") ENABLE
--------------------------------------------------------
--  Ref Constraints for Table CHAT_MEMBER
--------------------------------------------------------

  ALTER TABLE "ADMIN"."CHAT_MEMBER" ADD FOREIGN KEY ("PLAN_NO")
	  REFERENCES "ADMIN"."PLAN" ("PLAN_NO") ENABLE
--------------------------------------------------------
--  Ref Constraints for Table PLACE_INFO
--------------------------------------------------------

  ALTER TABLE "ADMIN"."PLACE_INFO" ADD FOREIGN KEY ("CATEGORY_CODE")
	  REFERENCES "ADMIN"."CATEGORY" ("CATEGORY_CODE") ENABLE
--------------------------------------------------------
--  Ref Constraints for Table PLACE_REVIEW
--------------------------------------------------------

  ALTER TABLE "ADMIN"."PLACE_REVIEW" ADD FOREIGN KEY ("PLACE_NO")
	  REFERENCES "ADMIN"."PLACE_INFO" ("PLACE_NO") ENABLE
--------------------------------------------------------
--  Ref Constraints for Table PLAN_MEMBER
--------------------------------------------------------

  ALTER TABLE "ADMIN"."PLAN_MEMBER" ADD FOREIGN KEY ("PLAN_NO")
	  REFERENCES "ADMIN"."PLAN" ("PLAN_NO") ENABLE
--------------------------------------------------------
--  Ref Constraints for Table SAVED_PLACE
--------------------------------------------------------

  ALTER TABLE "ADMIN"."SAVED_PLACE" ADD FOREIGN KEY ("USER_NO")
	  REFERENCES "ADMIN"."MEMBER" ("USER_NO") ENABLE
  ALTER TABLE "ADMIN"."SAVED_PLACE" ADD FOREIGN KEY ("PLACE_NO")
	  REFERENCES "ADMIN"."PLACE_INFO" ("PLACE_NO") ENABLE
--------------------------------------------------------
--  Ref Constraints for Table SAVED_RIDING
--------------------------------------------------------

  ALTER TABLE "ADMIN"."SAVED_RIDING" ADD FOREIGN KEY ("USER_NO")
	  REFERENCES "ADMIN"."MEMBER" ("USER_NO") ENABLE
